#;English (source);Where / what;Source file;Message context;en;nl;fr;de;it;es
1;Dashboard;Main navigation › page name in the top bar and browser tab;app.py:83 uvalu/shell.py:41;;Dashboard;Dashboard;Tableau de bord;Dashboard;Dashboard;Panel
2;Portfolio;Main navigation › page name. Also the Portfolio page title.;app.py:84 uvalu/pages_/portfolio.py:229 uvalu/shell.py:44;;Portfolio;Portefeuille;Portefeuille;Portfolio;Portafoglio;Cartera
3;Risk;Main navigation › page name for the risk assessment page;app.py:85 uvalu/shell.py:45;;Risk;Risico;Risque;Risiko;Rischio;Riesgo
4;Screener;Main navigation › page name. Kept in English in all languages (glossary).;app.py:86 uvalu/shell.py:42;;Screener;Screener;Screener;Screener;Screener;Screener
5;Watchlist;"Main navigation › page name; also the Watchlist page title";app.py:87 uvalu/pages_/watchlist.py:49 uvalu/shell.py:43;;Watchlist;Volglijst;Liste de suivi;Watchlist;Watchlist;Lista de seguimiento
6;Analysis;Page name of the single-stock analysis page (browser tab title);app.py:88;;Analysis;Analyse;Analyse;Analyse;Analisi;Análisis
7;Settings;"Page name; also the user menu link and the Settings page title";app.py:89 uvalu/pages_/settings.py:389 uvalu/shell.py:348;;Settings;Instellingen;Paramètres;Einstellungen;Impostazioni;Ajustes
8;Help;Page name of the help page (browser tab title);app.py:90;;Help;Help;Aide;Hilfe;Aiuto;Ayuda
9;Help & docs;"User menu (top right) › link to the help page; also the Help page title";uvalu/pages_/help.py:126 uvalu/shell.py:350;;Help & docs;Help en documentatie;Aide et documentation;Hilfe & Doku;Guida e documentazione;Ayuda y documentación
10;Admin portal;User menu (top right) › link to the admin portal, only shown to admins;uvalu/shell.py:352;;Admin portal;Beheerportaal;Portail d'administration;Admin-Portal;Portale di amministrazione;Portal de administración
11;Sign out;User menu (top right) › sign-out link. Also a button per session in Settings › Active sessions.;uvalu/pages_/settings.py:538 uvalu/shell.py:355;;Sign out;Afmelden;Se déconnecter;Abmelden;Esci;Cerrar sesión
12;value engine;Small uppercase tagline next to the uvalu logo (top bar and sign-in panel). Keep short and lowercase.;uvalu/authgate.py:219 uvalu/shell.py:293;;value engine;waarde-engine;moteur de valeur;Value-Engine;motore di valore;motor de valor
13;Switch to dark theme;Top bar › tooltip on the theme toggle button;uvalu/shell.py:334;;Switch to dark theme;Overschakelen naar donker thema;Passer au thème sombre;Zum dunklen Design wechseln;Passa al tema scuro;Cambiar al tema oscuro
14;Switch to light theme;Top bar › tooltip on the theme toggle button;uvalu/shell.py:334;;Switch to light theme;Overschakelen naar licht thema;Passer au thème clair;Zum hellen Design wechseln;Passa al tema chiaro;Cambiar al tema claro
15;Market closed · {time};Top bar › price feed status pill. {time} is the time of the last quote, e.g. 17:35.;uvalu/shell.py:33;;Market closed · {time};Markt gesloten · {time};Marché fermé · {time};Markt geschlossen · {time};Mercato chiuso · {time};Mercado cerrado · {time}
16;Feed stale · {time};Top bar › price feed status pill: quotes have not updated for a while. {time} = time of last quote.;uvalu/shell.py:35;;Feed stale · {time};Koersen verouderd · {time};Cours périmés · {time};Kurse veraltet · {time};Quotazioni non aggiornate · {time};Cotizaciones desactualizadas · {time}
17;Delayed {delayed}/{total} · {time};Top bar › price feed status pill: {delayed} of {total} quotes are delayed. {time} = time of last quote.;uvalu/shell.py:37;;Delayed {delayed}/{total} · {time};Vertraagd {delayed}/{total} · {time};Différé {delayed}/{total} · {time};Verzögert {delayed}/{total} · {time};In ritardo {delayed}/{total} · {time};Con retraso {delayed}/{total} · {time}
18;Live · {time};Top bar › price feed status pill: quotes are live. {time} = time of last quote.;uvalu/shell.py:38;;Live · {time};Live · {time};En direct · {time};Live · {time};In tempo reale · {time};En directo · {time}
19;Light;Theme name: in the Settings › Display › Theme switch and the top-bar theme toggle;uvalu/pages_/settings.py:554 uvalu/shell.py:335;;Light;Licht;Clair;Hell;Chiaro;Claro
20;Dark;Theme name: in the Settings › Display › Theme switch and the top-bar theme toggle;uvalu/pages_/settings.py:554 uvalu/shell.py:335;;Dark;Donker;Sombre;Dunkel;Scuro;Oscuro
21;Password strength: {strength};Sign-up, reset and change-password forms › live meter under the password field. {strength} is Weak, Fair or Strong (translated separately).;uvalu/authgate.py:205 uvalu/pages_/settings.py:206;;Password strength: {strength};Wachtwoordsterkte: {strength};Robustesse du mot de passe : {strength};Passwortstärke: {strength};Sicurezza della password: {strength};Seguridad de la contraseña: {strength}
22;Weak;Password strength level shown in the meter. Also used as the 'Weak' conviction/score label on the Analysis page.;uvalu/pages_/analysis.py:98 uvalu/shell.py:86;;Weak;Zwak;Faible;Schwach;Debole;Débil
23;Fair;Password strength level (middle of Weak / Fair / Strong). Means 'acceptable', not 'fair value'.;uvalu/shell.py:88;;Fair;Redelijk;Moyen;Mittel;Discreta;Aceptable
24;Strong;Password strength level. Also the 'Strong' score label on the Analysis page and a Sharpe ratio rating on the Risk page.;risk.py:688 uvalu/pages_/analysis.py:94 uvalu/shell.py:89;;Strong;Sterk;Fort;Stark;Forte;Fuerte
25;Find value before the market does.;Sign-in screen › brand panel headline (left side);uvalu/authgate.py:219;;Find value before the market does.;Vind waarde voordat de markt het doet.;Trouve la valeur avant le marché.;Finde Wert, bevor der Markt es tut.;Trova valore prima che lo faccia il mercato.;Encuentra valor antes que el mercado.
26;A six-model fair-value engine across 6 European exchanges — margin of safety, conviction scoring and hard-veto discipline in one workspace.;Sign-in screen › brand panel intro text under the headline;uvalu/authgate.py:219;;A six-model fair-value engine across 6 European exchanges — margin of safety, conviction scoring and hard-veto discipline in one workspace.;Een fair-value-engine met zes modellen op 6 Europese beurzen: veiligheidsmarge, convictiescore en harde veto's in één werkruimte.;Un moteur de juste valeur à six modèles sur 6 bourses européennes : marge de sécurité, score de conviction et règles de veto strictes réunis dans un seul espace.;Eine Fair-Value-Engine mit sechs Modellen für 6 europäische Börsen: Sicherheitsmarge, Überzeugungs-Score und harte Veto-Regeln in einem Arbeitsbereich.;Un motore di valore equo a sei modelli su 6 borse europee: margine di sicurezza, punteggio di convinzione e regole di veto rigide in un unico spazio di lavoro.;Un motor de valor razonable con seis modelos en 6 bolsas europeas: margen de seguridad, puntuación de convicción y reglas de veto estrictas en un solo espacio.
27;valuation models;Sign-in screen › stat label under the big number '6' (six valuation models). Lowercase.;uvalu/authgate.py:219;;valuation models;waarderingsmodellen;modèles de valorisation;Bewertungsmodelle;modelli di valutazione;modelos de valoración
28;EU exchanges;Sign-in screen › stat label under the big number '6' (six European stock exchanges);uvalu/authgate.py:219;;EU exchanges;EU-beurzen;bourses européennes;EU-Börsen;borse UE;bolsas de la UE
29;signal monitoring;Sign-in screen › stat label under '24/7';uvalu/authgate.py:219;;signal monitoring;signaalbewaking;suivi des signaux;Signalüberwachung;monitoraggio dei segnali;seguimiento de señales
30;© 2026 Uvalu · Not investment advice.;Sign-in screen › footer of the brand panel. Legal: keep 'not investment advice' wording exact.;uvalu/authgate.py:219;;© 2026 Uvalu · Not investment advice.;© 2026 Uvalu · Geen beleggingsadvies.;© 2026 Uvalu · Ceci n'est pas un conseil en investissement.;© 2026 Uvalu · Keine Anlageberatung.;© 2026 Uvalu · Non costituisce consulenza sugli investimenti.;© 2026 Uvalu · No constituye asesoramiento de inversión.
31;Sign in;Sign-in screen › heading of the form, and the (disabled) sign-in button when the account is locked;uvalu/authgate.py:604 uvalu/authgate.py:638 uvalu/authgate.py:662;;Sign in;Aanmelden;Se connecter;Anmelden;Accedi;Iniciar sesión
32;Welcome back. Enter your credentials to continue.;Sign-in screen › subheading under 'Sign in';uvalu/authgate.py:638;;Welcome back. Enter your credentials to continue.;Welkom terug. Vul je gegevens in om verder te gaan.;Bon retour. Saisis tes identifiants pour continuer.;Willkommen zurück. Gib deine Anmeldedaten ein, um fortzufahren.;Bentornato. Inserisci le tue credenziali per continuare.;Hola de nuevo. Introduce tus credenciales para continuar.
33;Email;Sign-in, sign-up and invite screens › label of the email field;uvalu/authgate.py:326 uvalu/authgate.py:393 uvalu/authgate.py:645;;Email;E-mail;E-mail;E-Mail;Email;Correo electrónico
34;you@company.com;Sign-in and first-admin screens › example text inside the empty email field;uvalu/authgate.py:393 uvalu/authgate.py:645;;you@company.com;jij@bedrijf.be;toi@entreprise.com;du@firma.de;tu@azienda.it;tu@empresa.com
35;Password;Sign-in and sign-up forms › label of the password field. Also the row title in Settings › Security.;uvalu/authgate.py:339 uvalu/authgate.py:652 uvalu/pages_/settings.py:402;;Password;Wachtwoord;Mot de passe;Passwort;Password;Contraseña
36;Forgot?;Sign-in screen › small link next to the password label, opens the 'Forgot your password?' note;uvalu/authgate.py:652;;Forgot?;Vergeten?;Oublié ?;Vergessen?;Dimenticata?;¿La has olvidado?
37;Enter your email and password to continue.;Sign-in screen › error when the form is submitted with an empty field;uvalu/authgate.py:665;;Enter your email and password to continue.;Vul je e-mailadres en wachtwoord in om verder te gaan.;Saisis ton e-mail et ton mot de passe pour continuer.;Gib deine E-Mail-Adresse und dein Passwort ein, um fortzufahren.;Inserisci email e password per continuare.;Introduce tu correo y tu contraseña para continuar.
38;or;Sign-in screen › divider between the password form and the 'Continue with Google/Microsoft' buttons;uvalu/authgate.py:356 uvalu/authgate.py:621 uvalu/authgate.py:710;;or;of;ou;oder;oppure;o
39;Continue with {provider};Sign-in screen › single sign-on button. {provider} is 'Google' or 'Microsoft Entra ID'.;uvalu/authgate.py:263 uvalu/authgate.py:267;;Continue with {provider};Doorgaan met {provider};Continuer avec {provider};Weiter mit {provider};Continua con {provider};Continuar con {provider}
40;NOT CONFIGURED;Sign-in screen › small uppercase badge on a sign-on button whose provider is not set up by the admin;uvalu/authgate.py:267;;NOT CONFIGURED;NIET INGESTELD;NON CONFIGURÉ;NICHT EINGERICHTET;NON CONFIGURATO;NO CONFIGURADO
41;your identity provider;Fallback name for the sign-on provider in messages, e.g. 'Sign-in via your identity provider succeeded…';uvalu/oauth.py:64;;your identity provider;je identiteitsprovider;ton fournisseur d'identité;deinen Identitätsanbieter;il tuo provider di identità;tu proveedor de identidad
42;New to Uvalu?;Sign-in screen › footer line, followed by 'Ask your admin for an invite';uvalu/authgate.py:719;;New to Uvalu?;Nieuw bij Uvalu?;Nouveau sur Uvalu ?;Neu bei Uvalu?;Nuovo su Uvalu?;¿Eres nuevo en Uvalu?
43;Ask your admin for an invite;Sign-in screen › footer, after 'New to Uvalu?'. Uvalu is invite-only.;uvalu/authgate.py:719;;Ask your admin for an invite;Vraag je beheerder om een uitnodiging;Demande une invitation à ton administrateur;Bitte deinen Admin um eine Einladung;Chiedi un invito al tuo amministratore;Pide una invitación a tu administrador
44;Forgot your password?;Sign-in screen › heading of the info box opened by 'Forgot?';uvalu/authgate.py:426;;Forgot your password?;Wachtwoord vergeten?;Mot de passe oublié ?;Passwort vergessen?;Password dimenticata?;¿Has olvidado tu contraseña?
45;Uvalu has no automated password reset — ask an admin to send you a one-time reset link from the Admin portal.;Sign-in screen › text in the 'Forgot your password?' box;uvalu/authgate.py:426;;Uvalu has no automated password reset — ask an admin to send you a one-time reset link from the Admin portal.;Uvalu heeft geen automatische wachtwoordreset. Vraag een beheerder om je via het beheerportaal een eenmalige resetlink te sturen.;Uvalu ne propose pas de réinitialisation automatique : demande à un administrateur de t'envoyer un lien de réinitialisation à usage unique depuis le portail d'administration.;Uvalu hat keine automatische Passwortzurücksetzung. Bitte einen Admin, dir über das Admin-Portal einen einmaligen Link zum Zurücksetzen zu schicken.;Uvalu non prevede il ripristino automatico della password: chiedi a un amministratore di inviarti un link monouso dal portale di amministrazione.;Uvalu no tiene restablecimiento automático de contraseña: pide a un administrador que te envíe un enlace de un solo uso desde el portal de administración.
46;Back to sign in;Sign-in screens › button that returns to the normal sign-in form;uvalu/authgate.py:294 uvalu/authgate.py:431;;Back to sign in;Terug naar aanmelden;Retour à la connexion;Zurück zur Anmeldung;Torna all'accesso;Volver a iniciar sesión
47;Sign in temporarily locked;Sign-in screen › heading after too many failed password attempts;uvalu/authgate.py:604;;Sign in temporarily locked;Aanmelden tijdelijk geblokkeerd;Connexion temporairement bloquée;Anmeldung vorübergehend gesperrt;Accesso temporaneamente bloccato;Inicio de sesión bloqueado temporalmente
48;Too many failed attempts on this account. Uvalu will accept a new attempt when the timer expires.;Sign-in screen › text under the lockout heading;uvalu/authgate.py:604;;Too many failed attempts on this account. Uvalu will accept a new attempt when the timer expires.;Te veel mislukte pogingen op dit account. Uvalu aanvaardt een nieuwe poging zodra de timer afloopt.;Trop de tentatives échouées sur ce compte. Uvalu acceptera une nouvelle tentative à la fin du compte à rebours.;Zu viele fehlgeschlagene Versuche für dieses Konto. Uvalu akzeptiert einen neuen Versuch, sobald der Timer abgelaufen ist.;Troppi tentativi non riusciti su questo account. Uvalu accetterà un nuovo tentativo allo scadere del timer.;Demasiados intentos fallidos en esta cuenta. Uvalu aceptará un nuevo intento cuando termine el temporizador.
49;{minutes} min;Sign-in lockout card › big countdown, e.g. '12 min'. Followed by 'until the next attempt'. Also: Settings › price refresh interval option, e.g. '5 min';uvalu/authgate.py:604 uvalu/pages_/settings.py:713;;{minutes} min;{minutes} min;{minutes} min;{minutes} Min.;{minutes} min;{minutes} min
50;until the next attempt;Sign-in lockout card › caption under the countdown ('12 min / until the next attempt');uvalu/authgate.py:604;;until the next attempt;tot de volgende poging;avant la prochaine tentative;bis zum nächsten Versuch;al prossimo tentativo;hasta el próximo intento
51;The lock applies to password sign-in only. Providers are unaffected.;Sign-in lockout screen › note under the Google/Microsoft buttons;uvalu/authgate.py:627;;The lock applies to password sign-in only. Providers are unaffected.;De blokkering geldt alleen voor aanmelden met wachtwoord. Aanmelden via een provider werkt nog.;Le blocage ne concerne que la connexion par mot de passe. Les fournisseurs d'identité ne sont pas concernés.;Die Sperre gilt nur für die Anmeldung mit Passwort. Anmeldeanbieter sind nicht betroffen.;Il blocco riguarda solo l'accesso con password. I provider non sono interessati.;El bloqueo solo afecta al inicio de sesión con contraseña. Los proveedores no se ven afectados.
52;Not you? Use a different account;Sign-in lockout screen › button to try another email address;uvalu/authgate.py:631;;Not you? Use a different account;Ben jij dit niet? Gebruik een ander account;Ce n'est pas toi ? Utilise un autre compte;Nicht du? Anderes Konto verwenden;Non sei tu? Usa un altro account;¿No eres tú? Usa otra cuenta
53;Enter your authenticator code;Two-factor sign-in step › heading;uvalu/authgate.py:121;;Enter your authenticator code;Voer je authenticatorcode in;Saisis ton code d'authentification;Gib deinen Authenticator-Code ein;Inserisci il codice di autenticazione;Introduce tu código de autenticación
54;Open your authenticator app and enter the 6-digit code for Uvalu.;Two-factor sign-in step › text under the heading;uvalu/authgate.py:121;;Open your authenticator app and enter the 6-digit code for Uvalu.;Open je authenticator-app en voer de 6-cijferige code voor Uvalu in.;Ouvre ton application d'authentification et saisis le code à 6 chiffres pour Uvalu.;Öffne deine Authenticator-App und gib den 6-stelligen Code für Uvalu ein.;Apri la tua app di autenticazione e inserisci il codice a 6 cifre per Uvalu.;Abre tu aplicación de autenticación e introduce el código de 6 dígitos de Uvalu.
55;Code;Two-factor sign-in and Settings › 2FA setup › label of the 6-digit code field;uvalu/authgate.py:127 uvalu/pages_/settings.py:296;;Code;Code;Code;Code;Codice;Código
56;Remember this device for 30 days;Two-factor sign-in step › toggle: skip the 2FA code on this device for 30 days;uvalu/authgate.py:128;;Remember this device for 30 days;Onthoud dit apparaat 30 dagen;Mémoriser cet appareil pendant 30 jours;Dieses Gerät 30 Tage lang merken;Ricorda questo dispositivo per 30 giorni;Recordar este dispositivo durante 30 días
57;Verify;Two-factor sign-in step › submit button for the code or backup code;uvalu/authgate.py:129 uvalu/authgate.py:175;;Verify;Verifiëren;Vérifier;Bestätigen;Verifica;Verificar
58;Use a backup code;Two-factor sign-in step › link-button to switch to a one-time backup code;uvalu/authgate.py:144;;Use a backup code;Een back-upcode gebruiken;Utiliser un code de secours;Backup-Code verwenden;Usa un codice di backup;Usar un código de respaldo
59;Cancel;Generic Cancel button in dialogs and sign-in steps;uvalu/authgate.py:148 uvalu/authgate.py:168 uvalu/dialogs.py:215 uvalu/pages_/settings.py:221;;Cancel;Annuleren;Annuler;Abbrechen;Annulla;Cancelar
60;Enter a backup code;Two-factor sign-in step › heading of the backup-code form;uvalu/authgate.py:155;;Enter a backup code;Voer een back-upcode in;Saisis un code de secours;Backup-Code eingeben;Inserisci un codice di backup;Introduce un código de respaldo
61;Use one of the one-time backup codes you saved when you set up two-factor authentication.;Two-factor sign-in step › text under 'Enter a backup code';uvalu/authgate.py:155;;Use one of the one-time backup codes you saved when you set up two-factor authentication.;Gebruik een van de eenmalige back-upcodes die je bewaard hebt toen je tweestapsverificatie instelde.;Utilise l'un des codes de secours à usage unique que tu as enregistrés lors de la configuration de l'authentification à deux facteurs.;Verwende einen der einmaligen Backup-Codes, die du beim Einrichten der Zwei-Faktor-Authentifizierung gespeichert hast.;Usa uno dei codici di backup monouso che hai salvato quando hai configurato l'autenticazione a due fattori.;Usa uno de los códigos de respaldo de un solo uso que guardaste al configurar la autenticación en dos pasos.
62;No backup codes left on this account. Ask an admin to reset your two-factor authentication so you can re-enroll.;Two-factor sign-in step › warning when all backup codes are used up;uvalu/authgate.py:162;;No backup codes left on this account. Ask an admin to reset your two-factor authentication so you can re-enroll.;Er zijn geen back-upcodes meer voor dit account. Vraag een beheerder om je tweestapsverificatie te resetten, zodat je die opnieuw kunt instellen.;Il ne reste aucun code de secours sur ce compte. Demande à un administrateur de réinitialiser ton authentification à deux facteurs pour la configurer à nouveau.;Für dieses Konto sind keine Backup-Codes mehr übrig. Bitte einen Admin, deine Zwei-Faktor-Authentifizierung zurückzusetzen, damit du sie neu einrichten kannst.;Non restano codici di backup su questo account. Chiedi a un amministratore di reimpostare l'autenticazione a due fattori per poterla configurare di nuovo.;No quedan códigos de respaldo en esta cuenta. Pide a un administrador que restablezca tu autenticación en dos pasos para volver a configurarla.
63;Backup code;Two-factor sign-in step › label of the backup-code field;uvalu/authgate.py:174;;Backup code;Back-upcode;Code de secours;Backup-Code;Codice di backup;Código de respaldo
64;Back to the authenticator code;Two-factor sign-in step › button to return from backup code to the app code;uvalu/authgate.py:185;;Back to the authenticator code;Terug naar de authenticatorcode;Revenir au code d'authentification;Zurück zum Authenticator-Code;Torna al codice di autenticazione;Volver al código de autenticación
65;This account has been suspended;Sign-in screen › heading after a single sign-on for a suspended account;uvalu/authgate.py:278;;This account has been suspended;Dit account is geschorst;Ce compte a été suspendu;Dieses Konto wurde gesperrt;Questo account è stato sospeso;Esta cuenta ha sido suspendida
66;Sign-in via {provider} succeeded, but the Uvalu account for it is suspended.;Sign-in screen › text under 'This account has been suspended'. {provider} = Google / Microsoft Entra ID.;uvalu/authgate.py:279;;Sign-in via {provider} succeeded, but the Uvalu account for it is suspended.;Aanmelden via {provider} is gelukt, maar het Uvalu-account ervan is geschorst.;La connexion via {provider} a réussi, mais le compte Uvalu associé est suspendu.;Die Anmeldung über {provider} war erfolgreich, aber das zugehörige Uvalu-Konto ist gesperrt.;L'accesso tramite {provider} è riuscito, ma l'account Uvalu associato è sospeso.;El inicio de sesión con {provider} ha funcionado, pero la cuenta de Uvalu asociada está suspendida.
67;No Uvalu account for this {provider} identity;Sign-in screen › heading when a single sign-on email has no Uvalu account;uvalu/authgate.py:281;;No Uvalu account for this {provider} identity;Geen Uvalu-account voor deze {provider}-identiteit;Aucun compte Uvalu pour cette identité {provider};Kein Uvalu-Konto für diese {provider}-Identität;Nessun account Uvalu per questa identità {provider};No hay ninguna cuenta de Uvalu para esta identidad de {provider}
68;Uvalu is invite-only. {email} is not a member of this workspace, so no account was created.;"Sign-in screen › text under 'No Uvalu account…'. {email} is shown in bold. (Code currently builds this from two pieces; merge them into one string.)";uvalu/authgate.py:282;;Uvalu is invite-only. {email} is not a member of this workspace, so no account was created.;Uvalu werkt alleen op uitnodiging. {email} is geen lid van deze werkruimte, dus er is geen account aangemaakt.;Uvalu fonctionne uniquement sur invitation. {email} n'est pas membre de cet espace, aucun compte n'a donc été créé.;Uvalu ist nur auf Einladung nutzbar. {email} ist kein Mitglied dieses Arbeitsbereichs, daher wurde kein Konto erstellt.;Uvalu è solo su invito. {email} non è membro di questo spazio di lavoro, quindi non è stato creato alcun account.;Uvalu funciona solo con invitación. {email} no es miembro de este espacio de trabajo, así que no se ha creado ninguna cuenta.
69;If you were invited on a different address, sign in with that one — or ask an admin to invite this address.;Sign-in screen › follow-up hint under the 'no account' message;uvalu/authgate.py:286;;If you were invited on a different address, sign in with that one — or ask an admin to invite this address.;Werd je op een ander adres uitgenodigd? Meld je dan daarmee aan, of vraag een beheerder om dit adres uit te nodigen.;Si tu as été invité sur une autre adresse, connecte-toi avec celle-ci, ou demande à un administrateur d'inviter cette adresse.;Wenn du an eine andere Adresse eingeladen wurdest, melde dich damit an oder bitte einen Admin, diese Adresse einzuladen.;Se sei stato invitato su un altro indirizzo, accedi con quello, oppure chiedi a un amministratore di invitare questo indirizzo.;Si te invitaron a otra dirección, inicia sesión con ella o pide a un administrador que invite a esta dirección.
70;Invite link invalid;Invite acceptance screen › heading when the invite link is wrong or expired;uvalu/authgate.py:310;;Invite link invalid;Uitnodigingslink ongeldig;Lien d'invitation non valide;Einladungslink ungültig;Link di invito non valido;Enlace de invitación no válido
71;This invite link is invalid or has expired. Ask your admin to send a new one.;Invite acceptance screen › text under 'Invite link invalid';uvalu/authgate.py:310;;This invite link is invalid or has expired. Ask your admin to send a new one.;Deze uitnodigingslink is ongeldig of verlopen. Vraag je beheerder om een nieuwe.;Ce lien d'invitation n'est pas valide ou a expiré. Demande-en un nouveau à ton administrateur.;Dieser Einladungslink ist ungültig oder abgelaufen. Bitte deinen Admin um einen neuen.;Questo link di invito non è valido o è scaduto. Chiedine uno nuovo al tuo amministratore.;Este enlace de invitación no es válido o ha caducado. Pide uno nuevo a tu administrador.
72;Create your account;Invite acceptance screen › heading;uvalu/authgate.py:319;;Create your account;Maak je account aan;Crée ton compte;Erstelle dein Konto;Crea il tuo account;Crea tu cuenta
73;Invited by {inviter} as {role}. Pick a password, or use a connected provider — you can add another method later.;"Invite acceptance screen › text under 'Create your account'. {inviter} = inviter's email or 'an admin'; {role} = Viewer / Analyst / Admin (bold). (Code builds this from pieces; merge into one string.)";uvalu/authgate.py:317 uvalu/authgate.py:319;;Invited by {inviter} as {role}. Pick a password, or use a connected provider — you can add another method later.;"Uitgenodigd door {inviter} als {role}. Kies een wachtwoord of gebruik een gekoppelde provider; je kunt later nog een methode toevoegen.";"Invité par {inviter} en tant que {role}. Choisis un mot de passe ou utilise un fournisseur connecté ; tu pourras ajouter une autre méthode plus tard.";Eingeladen von {inviter} als {role}. Wähle ein Passwort oder nutze einen verbundenen Anbieter – du kannst später eine weitere Methode hinzufügen.;Invitato da {inviter} come {role}. Scegli una password o usa un provider collegato: potrai aggiungere un altro metodo in seguito.;"Invitado por {inviter} como {role}. Elige una contraseña o usa un proveedor conectado; podrás añadir otro método más adelante."
74;an admin;Fills {inviter} in 'Invited by {inviter} as …' when the inviter is unknown;uvalu/authgate.py:317;;an admin;een beheerder;un administrateur;einem Admin;un amministratore;un administrador
75;FIXED BY INVITE;Invite acceptance screen › small uppercase badge next to the email: the email can't be changed;uvalu/authgate.py:326;;FIXED BY INVITE;VAST DOOR UITNODIGING;DÉFINI PAR L'INVITATION;DURCH EINLADUNG FESTGELEGT;FISSATO DALL'INVITO;FIJADO POR LA INVITACIÓN
76;At least {min_len} characters.;Password fields › tooltip with the minimum password length;uvalu/authgate.py:341 uvalu/authgate.py:396 uvalu/authgate.py:462 uvalu/pages_/settings.py:215;;At least {min_len} characters.;Minstens {min_len} tekens.;Au moins {min_len} caractères.;Mindestens {min_len} Zeichen.;Almeno {min_len} caratteri.;Al menos {min_len} caracteres.
77;Create account;Invite acceptance screen › submit button;uvalu/authgate.py:342;;Create account;Account aanmaken;Créer le compte;Konto erstellen;Crea account;Crear cuenta
78;Create the first admin account;First-run screen (no users yet) › heading;uvalu/authgate.py:386;;Create the first admin account;Maak het eerste beheerdersaccount aan;Crée le premier compte administrateur;Erstelle das erste Admin-Konto;Crea il primo account amministratore;Crea la primera cuenta de administrador
79;No accounts exist yet. This account gets full Admin access — you can invite everyone else once you're signed in.;First-run screen › text under the heading;uvalu/authgate.py:386;;No accounts exist yet. This account gets full Admin access — you can invite everyone else once you're signed in.;"Er bestaan nog geen accounts. Dit account krijgt volledige beheerdersrechten; zodra je bent aangemeld, kun je alle anderen uitnodigen.";"Aucun compte n'existe encore. Ce compte reçoit un accès administrateur complet ; tu pourras inviter tous les autres une fois connecté.";Es gibt noch keine Konten. Dieses Konto erhält vollen Admin-Zugriff – sobald du angemeldet bist, kannst du alle anderen einladen.;Non esiste ancora nessun account. Questo account riceve accesso completo da amministratore: potrai invitare tutti gli altri dopo aver effettuato l'accesso.;"Todavía no hay cuentas. Esta cuenta recibe acceso completo de administrador; podrás invitar a los demás cuando hayas iniciado sesión."
80;Create admin account;First-run screen › submit button;uvalu/authgate.py:397;;Create admin account;Beheerdersaccount aanmaken;Créer le compte administrateur;Admin-Konto erstellen;Crea account amministratore;Crear cuenta de administrador
81;Reset link invalid;Password reset screen › heading when the reset link is wrong or expired;uvalu/authgate.py:445;;Reset link invalid;Resetlink ongeldig;Lien de réinitialisation non valide;Link zum Zurücksetzen ungültig;Link di ripristino non valido;Enlace de restablecimiento no válido
82;This reset link is invalid or has expired. Ask your admin to send a new one.;Password reset screen › text under 'Reset link invalid';uvalu/authgate.py:445;;This reset link is invalid or has expired. Ask your admin to send a new one.;Deze resetlink is ongeldig of verlopen. Vraag je beheerder om een nieuwe.;Ce lien de réinitialisation n'est pas valide ou a expiré. Demande-en un nouveau à ton administrateur.;Dieser Link ist ungültig oder abgelaufen. Bitte deinen Admin um einen neuen.;Questo link di ripristino non è valido o è scaduto. Chiedine uno nuovo al tuo amministratore.;Este enlace de restablecimiento no es válido o ha caducado. Pide uno nuevo a tu administrador.
83;Choose a new password;Password reset screen › heading;uvalu/authgate.py:453;;Choose a new password;Kies een nieuw wachtwoord;Choisis un nouveau mot de passe;Wähle ein neues Passwort;Scegli una nuova password;Elige una nueva contraseña
84;Resetting the password for {email};"Password reset screen › text under the heading; {email} shown in bold. (Code builds this from pieces; merge into one string.)";uvalu/authgate.py:453;;Resetting the password for {email};Het wachtwoord wordt opnieuw ingesteld voor {email};Réinitialisation du mot de passe de {email};Passwort wird zurückgesetzt für {email};Reimpostazione della password per {email};Restableciendo la contraseña de {email}
85;New password;Password reset screen and Settings › Change password › field label;uvalu/authgate.py:460 uvalu/pages_/settings.py:214;;New password;Nieuw wachtwoord;Nouveau mot de passe;Neues Passwort;Nuova password;Nueva contraseña
86;Confirm new password;Password reset screen and Settings › Change password › field label;uvalu/authgate.py:463 uvalu/pages_/settings.py:217;;Confirm new password;Bevestig nieuw wachtwoord;Confirme le nouveau mot de passe;Neues Passwort bestätigen;Conferma la nuova password;Confirma la nueva contraseña
87;Reset password;Password reset screen › submit button;uvalu/authgate.py:465;;Reset password;Wachtwoord resetten;Réinitialiser le mot de passe;Passwort zurücksetzen;Reimposta password;Restablecer contraseña
88;New password and confirmation don't match.;Password reset and change-password forms › error when the two fields differ;uvalu/authgate.py:468 uvalu/pages_/settings.py:228;;New password and confirmation don't match.;Het nieuwe wachtwoord en de bevestiging komen niet overeen.;Le nouveau mot de passe et sa confirmation ne correspondent pas.;Neues Passwort und Bestätigung stimmen nicht überein.;La nuova password e la conferma non corrispondono.;La nueva contraseña y la confirmación no coinciden.
89;You were signed out of this session.;Sign-in screen › notice after this session was ended from another device;uvalu/authgate.py:522;;You were signed out of this session.;Je bent afgemeld in deze sessie.;Tu as été déconnecté de cette session.;Du wurdest von dieser Sitzung abgemeldet.;Sei stato disconnesso da questa sessione.;Se ha cerrado tu sesión.
90;Your account no longer exists. Please contact your admin.;Sign-in screen › notice when the signed-in account was deleted;uvalu/authgate.py:528;;Your account no longer exists. Please contact your admin.;Je account bestaat niet meer. Neem contact op met je beheerder.;Ton compte n'existe plus. Contacte ton administrateur.;Dein Konto existiert nicht mehr. Wende dich an deinen Admin.;Il tuo account non esiste più. Contatta il tuo amministratore.;Tu cuenta ya no existe. Ponte en contacto con tu administrador.
91;This account has been suspended.;Sign-in screen › notice when the signed-in account was suspended;uvalu/authgate.py:532;;This account has been suspended.;Dit account is geschorst.;Ce compte a été suspendu.;Dieses Konto wurde gesperrt.;Questo account è stato sospeso.;Esta cuenta ha sido suspendida.
92;Stock preview;Stock preview panel (opens when you click a stock in a table) › panel title;uvalu/drawer.py:141;;Stock preview;Aandeel in één oogopslag;Aperçu de l'action;Aktienvorschau;Anteprima del titolo;Vista previa de la acción
93;Close;Stock preview panel › close button and its tooltip;uvalu/drawer.py:165 uvalu/drawer.py:315;;Close;Sluiten;Fermer;Schließen;Chiudi;Cerrar
94;Price;Stock preview and Analysis › tile or column label for the current share price;uvalu/drawer.py:196 uvalu/pages_/portfolio.py:305 uvalu/pages_/watchlist.py:27;;Price;Koers;Cours;Kurs;Prezzo;Precio
95;Fair value;Label for the estimated fair value of a share (glossary term): stock preview tile, Analysis chart, fair-value legend;uvalu/components.py:941 uvalu/drawer.py:196 uvalu/pages_/analysis.py:186;;Fair value;Intrinsieke waarde;Juste valeur;Fairer Wert;Valore equo;Valor razonable
96;Margin of safety;Label for the margin of safety (glossary term): stock preview tile, Analysis hero card, sub-score name, Watchlist column;uvalu/drawer.py:196 uvalu/pages_/analysis.py:151 uvalu/pages_/analysis.py:226 uvalu/pages_/watchlist.py:27;;Margin of safety;Veiligheidsmarge;Marge de sécurité;Sicherheitsmarge;Margine di sicurezza;Margen de seguridad
97;Total return;Stock preview tile and Dashboard KPI card › total return including dividends;uvalu/drawer.py:196 uvalu/pages_/dashboard.py:187;;Total return;Totaalrendement;Rendement total;Gesamtrendite;Rendimento totale;Rentabilidad total
98;Hard veto triggered;Stock preview › red banner heading when the stock breaks a hard-veto rule. Followed by the reason.;uvalu/drawer.py:214;;Hard veto triggered;Hard veto geactiveerd;Veto strict déclenché;Hartes Veto ausgelöst;Veto rigido attivato;Veto estricto activado
99;Six-model fair value;Stock preview and Analysis › section heading above the six valuation-model bars;uvalu/drawer.py:224 uvalu/pages_/analysis.py:237;;Six-model fair value;Intrinsieke waarde volgens zes modellen;Juste valeur selon six modèles;Fairer Wert aus sechs Modellen;Valore equo da sei modelli;Valor razonable según seis modelos
100;⚑ Composite capped at the models' median — one model ran far above the rest.;Stock preview › small note under the fair-value bars;uvalu/drawer.py:244;;⚑ Composite capped at the models' median — one model ran far above the rest.;⚑ Samengestelde waarde begrensd op de mediaan van de modellen: één model lag veel hoger dan de rest.;⚑ Valeur composite plafonnée à la médiane des modèles : un modèle était bien au-dessus des autres.;⚑ Kombinierter Wert auf den Median der Modelle begrenzt – ein Modell lag weit über den anderen.;⚑ Valore composito limitato alla mediana dei modelli: un modello era molto più alto degli altri.;⚑ Valor compuesto limitado a la mediana de los modelos: uno de ellos quedó muy por encima del resto.
101;⚑ Composite capped at the models' median — one model ran far above the rest and the others don't corroborate it.;Analysis page › note under the fair-value bars (longer version of the drawer note);uvalu/pages_/analysis.py:257;;⚑ Composite capped at the models' median — one model ran far above the rest and the others don't corroborate it.;⚑ Samengestelde waarde begrensd op de mediaan van de modellen: één model lag veel hoger dan de rest en de andere bevestigen dat niet.;⚑ Valeur composite plafonnée à la médiane des modèles : un modèle était bien au-dessus des autres, qui ne le confirment pas.;⚑ Kombinierter Wert auf den Median der Modelle begrenzt – ein Modell lag weit über den anderen, und diese bestätigen es nicht.;⚑ Valore composito limitato alla mediana dei modelli: un modello era molto più alto degli altri, che non lo confermano.;⚑ Valor compuesto limitado a la mediana de los modelos: uno de ellos quedó muy por encima del resto y los demás no lo respaldan.
102;Position & metrics;Stock preview › section heading for the key metrics list;uvalu/drawer.py:250;;Position & metrics;Positie en kerncijfers;Position et indicateurs;Position & Kennzahlen;Posizione e metriche;Posición y métricas
103;excluded;Stock preview › value shown instead of the score when the stock is vetoed;uvalu/drawer.py:258;;excluded;uitgesloten;exclu;ausgeschlossen;escluso;excluido
104;{score} / 100;Stock preview › composite score value, e.g. '72 / 100';uvalu/drawer.py:259;;{score} / 100;{score} / 100;{score} / 100;{score} / 100;{score} / 100;{score} / 100
105;Composite score;Composite score label (glossary term): stock preview row, Analysis header, Watchlist column;uvalu/drawer.py:268 uvalu/pages_/analysis.py:107 uvalu/pages_/watchlist.py:27;;Composite score;Totaalscore;Score composite;Gesamtscore;Punteggio composito;Puntuación compuesta
106;P/E · fair P/E;Stock preview and Analysis › row label: current price/earnings ratio vs the fair P/E used by the model;uvalu/drawer.py:269 uvalu/pages_/analysis.py:277;;P/E · fair P/E;K/W · faire K/W;PER · PER juste;KGV · fairer KGV;P/E · P/E equo;PER · PER razonable
107;Dividend yield;Stock preview and Analysis › row label;uvalu/drawer.py:270 uvalu/pages_/analysis.py:292;;Dividend yield;Dividendrendement;Rendement du dividende;Dividendenrendite;Rendimento da dividendo;Rentabilidad por dividendo
108;Exchange;Stock preview › row label for the stock exchange (e.g. Euronext Brussels);uvalu/drawer.py:271;;Exchange;Beurs;Bourse;Börse;Borsa;Bolsa
109;Shares held;Stock preview row and Add/Edit dividend dialog field: number of shares you own;uvalu/dialogs.py:520 uvalu/drawer.py:287;;Shares held;Aantal aandelen in bezit;Actions détenues;Gehaltene Stück;Azioni detenute;Acciones en cartera
110;Position value;Stock preview › row label: current market value of your holding;uvalu/drawer.py:288;;Position value;Waarde positie;Valeur de la position;Positionswert;Valore della posizione;Valor de la posición
111;Unrealised P&L;Unrealised profit & loss label (stock preview row, Portfolio KPI card). Short form.;uvalu/drawer.py:289 uvalu/pages_/portfolio.py:285;;Unrealised P&L;Niet-gerealiseerde W/V;P/V latente;Unrealisierter G/V;P/L non realizzato;G/P no realizada
112;Portfolio status;Stock preview › row label shown when you don't hold the stock;uvalu/drawer.py:294;;Portfolio status;Status in portefeuille;Statut dans le portefeuille;Portfoliostatus;Stato nel portafoglio;Estado en la cartera
113;Not held · watchlist;Stock preview › value of 'Portfolio status': not owned, but on your watchlist;uvalu/drawer.py:293;;Not held · watchlist;Niet in bezit · volglijst;Non détenue · liste de suivi;Nicht im Bestand · Watchlist;Non in portafoglio · watchlist;Sin posición · lista de seguimiento
114;Not held;Stock preview and Analysis › shown when you don't own the stock;uvalu/drawer.py:293 uvalu/pages_/analysis.py:132;;Not held;Niet in bezit;Non détenue;Nicht im Bestand;Non in portafoglio;Sin posición
115;Viewer role is read-only;Tooltip on disabled buttons for users with the Viewer role;uvalu/components.py:598 uvalu/drawer.py:305 uvalu/pages_/cash.py:24 uvalu/pages_/portfolio.py:40 uvalu/pages_/watchlist.py:95;;Viewer role is read-only;De rol Lezer is alleen-lezen;Le rôle Lecteur est en lecture seule;Die Rolle Betrachter ist schreibgeschützt;Il ruolo Lettore è di sola lettura;El rol Lector es de solo lectura
116;View full analysis;Stock preview › button that opens the full Analysis page;uvalu/drawer.py:309 uvalu/drawer.py:327;;View full analysis;Volledige analyse bekijken;Voir l'analyse complète;Vollständige Analyse;Vedi analisi completa;Ver análisis completo
117;Edit;Stock preview › button to edit the position you hold;uvalu/drawer.py:312;;Edit;Bewerken;Modifier;Bearbeiten;Modifica;Editar
118;Add;Stock preview › button to add the stock as a new position;uvalu/drawer.py:330;;Add;Toevoegen;Ajouter;Hinzufügen;Aggiungi;Añadir
119;← Back to dashboard;Analysis page › back button at the top;uvalu/pages_/analysis.py:64;;← Back to dashboard;← Terug naar dashboard;← Retour au tableau de bord;← Zurück zum Dashboard;← Torna alla dashboard;← Volver al panel
120;No stock selected. Open a stock from any table (Dashboard, Screener, Watchlist, Portfolio, Risk) to view its full analysis here.;Analysis page › shown when you open the page without choosing a stock. Page names in brackets must match the translated navigation names.;uvalu/pages_/analysis.py:68;;No stock selected. Open a stock from any table (Dashboard, Screener, Watchlist, Portfolio, Risk) to view its full analysis here.;Geen aandeel geselecteerd. Open een aandeel vanuit een tabel (Dashboard, Screener, Volglijst, Portefeuille, Risico) om hier de volledige analyse te zien.;Aucune action sélectionnée. Ouvre une action depuis n'importe quel tableau (Tableau de bord, Screener, Liste de suivi, Portefeuille, Risque) pour voir son analyse complète ici.;Keine Aktie ausgewählt. Öffne eine Aktie aus einer beliebigen Tabelle (Dashboard, Screener, Watchlist, Portfolio, Risiko), um hier die vollständige Analyse zu sehen.;Nessun titolo selezionato. Apri un titolo da una qualsiasi tabella (Dashboard, Screener, Watchlist, Portafoglio, Rischio) per vederne qui l'analisi completa.;No hay ninguna acción seleccionada. Abre una acción desde cualquier tabla (Panel, Screener, Lista de seguimiento, Cartera, Riesgo) para ver aquí su análisis completo.
121;No data found for **{ticker}**.;Analysis page › warning when the ticker has no data. Keep the ** bold markers.;uvalu/pages_/analysis.py:85;;No data found for **{ticker}**.;Geen gegevens gevonden voor **{ticker}**.;Aucune donnée trouvée pour **{ticker}**.;Keine Daten für **{ticker}** gefunden.;Nessun dato trovato per **{ticker}**.;No se han encontrado datos de **{ticker}**.
122;Moderate;Analysis page › score rating label (Strong / Moderate / Weak). Also a risk level on the Risk page.;risk.py:676 uvalu/pages_/analysis.py:96;;Moderate;Gemiddeld;Modéré;Mittel;Moderato;Moderado
123;Current price;Analysis page › hero card label;uvalu/pages_/analysis.py:149;;Current price;Huidige koers;Cours actuel;Aktueller Kurs;Prezzo attuale;Precio actual
124;Composite fair value;Analysis page › hero card label: blended fair value from the six models;uvalu/pages_/analysis.py:150;;Composite fair value;Samengestelde intrinsieke waarde;Juste valeur composite;Kombinierter fairer Wert;Valore equo composito;Valor razonable compuesto
125;Your position;Analysis page › hero card label: how many shares you hold;uvalu/pages_/analysis.py:152;;Your position;Jouw positie;Ta position;Deine Position;La tua posizione;Tu posición
126;Hard veto active;Analysis page › red banner heading when a hard-veto rule applies. Followed by the reason.;uvalu/pages_/analysis.py:159;;Hard veto active;Hard veto actief;Veto strict actif;Hartes Veto aktiv;Veto rigido attivo;Veto estricto activo
127;Price vs composite fair value · 1Y;Analysis page › chart title: one-year price line against the fair value;uvalu/pages_/analysis.py:180;;Price vs composite fair value · 1Y;Koers t.o.v. samengestelde intrinsieke waarde · 1J;Cours vs juste valeur composite · 1 an;Kurs vs. kombinierter fairer Wert · 1 J.;Prezzo vs valore equo composito · 1A;Precio vs valor razonable compuesto · 1A
128;Fair value {amount};Analysis page › label on the horizontal fair-value line in the price chart. {amount} = e.g. €42.10;uvalu/pages_/analysis.py:208;;Fair value {amount};Intrinsieke waarde {amount};Juste valeur {amount};Fairer Wert {amount};Valore equo {amount};Valor razonable {amount}
129;Signal sub-scores;Analysis page › card heading for the five sub-scores that make up the composite score;uvalu/pages_/analysis.py:223;;Signal sub-scores;Deelscores van het signaal;Sous-scores du signal;Teilscores des Signals;Sotto-punteggi del segnale;Subpuntuaciones de la señal
130;Weighted components of the composite score.;Analysis page › caption under 'Signal sub-scores';uvalu/pages_/analysis.py:225;;Weighted components of the composite score.;Gewogen onderdelen van de totaalscore.;Composantes pondérées du score composite.;Gewichtete Bestandteile des Gesamtscores.;Componenti ponderate del punteggio composito.;Componentes ponderados de la puntuación compuesta.
131;Risk (inverted);Analysis page › sub-score bar label: lower risk gives a higher score;uvalu/pages_/analysis.py:226;;Risk (inverted);Risico (omgekeerd);Risque (inversé);Risiko (invertiert);Rischio (invertito);Riesgo (invertido)
132;Quality;Analysis page › sub-score name;uvalu/pages_/analysis.py:227;;Quality;Kwaliteit;Qualité;Qualität;Qualità;Calidad
133;Momentum;Analysis page › sub-score name (price momentum);uvalu/pages_/analysis.py:227;;Momentum;Momentum;Momentum;Momentum;Momentum;Momento
134;Dividend;Dividend: Analysis sub-score name and Portfolio › Dividends table column;uvalu/pages_/analysis.py:228 uvalu/pages_/portfolio.py:392;;Dividend;Dividend;Dividende;Dividende;Dividendo;Dividendo
135;Financials & valuation;Analysis page › card heading for the fundamentals table;uvalu/pages_/analysis.py:263;;Financials & valuation;Financiële cijfers en waardering;Données financières et valorisation;Finanzkennzahlen & Bewertung;Dati finanziari e valutazione;Datos financieros y valoración
136;EPS (ttm);Analysis page › row label: earnings per share, trailing twelve months;uvalu/pages_/analysis.py:276;;EPS (ttm);WPA (12m);BPA (12 m);EPS (12 M.);Utile per azione (12m);BPA (12m)
137;Return on equity;Analysis page › row label (ROE);uvalu/pages_/analysis.py:278;;Return on equity;Rendement op eigen vermogen;Rentabilité des capitaux propres;Eigenkapitalrendite;Rendimento del capitale proprio;Rentabilidad sobre fondos propios
138;Debt / equity;Analysis page › row label: debt-to-equity ratio;uvalu/pages_/analysis.py:281;;Debt / equity;Schuld / eigen vermogen;Dette / capitaux propres;Verschuldungsgrad;Debito / patrimonio netto;Deuda / patrimonio neto
139;Free cash-flow yield;Analysis page › row label;uvalu/pages_/analysis.py:283;;Free cash-flow yield;Vrije-kasstroomrendement;Rendement du flux de trésorerie disponible;Free-Cashflow-Rendite;Rendimento del flusso di cassa libero;Rentabilidad por flujo de caja libre
140;Operating margin;Analysis page › row label;uvalu/pages_/analysis.py:286;;Operating margin;Operationele marge;Marge opérationnelle;Operative Marge;Margine operativo;Margen operativo
141;Net margin;Analysis page › row label;uvalu/pages_/analysis.py:289;;Net margin;Nettomarge;Marge nette;Nettomarge;Margine netto;Margen neto
142;Payout ratio;Analysis page › row label: share of earnings paid out as dividend;uvalu/pages_/analysis.py:293;;Payout ratio;Uitkeringsratio;Taux de distribution;Ausschüttungsquote;Payout ratio;Ratio de reparto
143;Hard-veto checks;Analysis page › card heading listing the hard-veto rules with pass/fail marks;uvalu/pages_/analysis.py:308;;Hard-veto checks;Controles voor hard veto;Contrôles de veto strict;Prüfungen für hartes Veto;Controlli di veto rigido;Comprobaciones de veto estricto
144;{value} (sector-exempt);Analysis page › hard-veto check note: debt/equity is high but this sector is exempt. {value} = e.g. 3.20×;uvalu/pages_/analysis.py:338;;{value} (sector-exempt);{value} (sector vrijgesteld);{value} (secteur exempté);{value} (Sektor ausgenommen);{value} (settore esente);{value} (sector exento)
145;Debt / equity below {limit}×;Analysis page › hard-veto check row. {limit} = maximum from Settings, e.g. 5.00;uvalu/pages_/analysis.py:357;;Debt / equity below {limit}×;Schuld / eigen vermogen onder {limit}×;Dette / capitaux propres sous {limit}×;Verschuldungsgrad unter {limit}×;Debito / patrimonio netto sotto {limit}×;Deuda / patrimonio neto por debajo de {limit}×
146;Positive free cash flow;Analysis page › hard-veto check row;uvalu/pages_/analysis.py:359;;Positive free cash flow;Positieve vrije kasstroom;Flux de trésorerie disponible positif;Positiver Free Cashflow;Flusso di cassa libero positivo;Flujo de caja libre positivo
147;{value}% yield;Analysis page › note next to the free-cash-flow check, e.g. '4.2% yield';uvalu/pages_/analysis.py:360;;{value}% yield;{value}% rendement;rendement {value} %;{value} % Rendite;rendimento {value}%;rentabilidad del {value} %
148;Dividend coverage adequate;Analysis page › hard-veto check row;uvalu/pages_/analysis.py:361;;Dividend coverage adequate;Dividenddekking voldoende;Couverture du dividende suffisante;Dividendendeckung ausreichend;Copertura del dividendo adeguata;Cobertura del dividendo suficiente
149;No adverse multi-year trend;Analysis page › hard-veto check row (no multi-year decline in revenue, earnings, etc.);uvalu/pages_/analysis.py:362;;No adverse multi-year trend;Geen ongunstige meerjarige trend;Aucune tendance défavorable sur plusieurs années;Kein negativer Mehrjahrestrend;Nessuna tendenza negativa pluriennale;Sin tendencia adversa plurianual
150;Confirmed trading volume;Analysis page › hard-veto check row;uvalu/pages_/analysis.py:363;;Confirmed trading volume;Bevestigd handelsvolume;Volume d'échanges confirmé;Bestätigtes Handelsvolumen;Volume di scambi confermato;Volumen de negociación confirmado
151;Dividend & income;Analysis page › card heading for the dividend section;uvalu/pages_/analysis.py:396;;Dividend & income;Dividend en inkomen;Dividende et revenus;Dividende & Erträge;Dividendi e reddito;Dividendos e ingresos
152;{amount} / share;Analysis page › annual dividend per share next to the card heading, e.g. '€1.20 / share';uvalu/pages_/analysis.py:395;;{amount} / share;{amount} / aandeel;{amount} / action;{amount} / Aktie;{amount} / azione;{amount} / acción
153;Auto-fetched;Analysis page › dividend data source badge: fetched automatically;uvalu/pages_/analysis.py:403;;Auto-fetched;Automatisch opgehaald;Récupéré automatiquement;Automatisch abgerufen;Recuperato automaticamente;Obtenido automáticamente
154;Manual entry;Analysis page › dividend data source badge: entered by hand;uvalu/pages_/analysis.py:403;;Manual entry;Handmatig ingevoerd;Saisie manuelle;Manuelle Eingabe;Inserimento manuale;Entrada manual
155;Market data;Analysis page › dividend data source badge: from the market data feed;uvalu/pages_/analysis.py:403;;Market data;Marktgegevens;Données de marché;Marktdaten;Dati di mercato;Datos de mercado
156;Yield · TTM;Analysis page › dividend stat: trailing-twelve-month yield;uvalu/pages_/analysis.py:432;;Yield · TTM;Rendement · 12m;Rendement · 12 m;Rendite · 12 M.;Rendimento · 12m;Rentabilidad · 12m
157;Yield · forward;Analysis page › dividend stat: expected yield for the next 12 months;uvalu/pages_/analysis.py:433;;Yield · forward;Rendement · verwacht;Rendement · prévisionnel;Rendite · erwartet;Rendimento · atteso;Rentabilidad · prevista
158;Yield-on-cost · net;Analysis page › dividend stat: net dividend relative to your purchase price;uvalu/pages_/analysis.py:434;;Yield-on-cost · net;Rendement op kostprijs · netto;Rendement sur coût · net;Yield on Cost · netto;Rendimento sul costo · netto;Rentabilidad sobre coste · neta
159;Increase streak;Analysis page › dividend stat: consecutive years of dividend increases;uvalu/pages_/analysis.py:435;;Increase streak;Reeks verhogingen;Série de hausses;Erhöhungsserie;Serie di aumenti;Racha de aumentos
160;{exchange} {rate}% + BE 30%;Analysis page › withholding value: foreign withholding for the exchange plus 30% Belgian withholding tax. E.g. 'PA 12.8% + BE 30%';uvalu/pages_/analysis.py:440;;{exchange} {rate}% + BE 30%;{exchange} {rate}% + RV 30%;{exchange} {rate} % + Pr.M. 30 %;{exchange} {rate} % + BE 30 %;{exchange} {rate}% + BE 30%;{exchange} {rate} % + BE 30 %
161;BE 30% only;Analysis page › withholding value when there is no foreign withholding, only 30% Belgian withholding tax;uvalu/pages_/analysis.py:440;;BE 30% only;Alleen RV 30%;Pr.M. 30 % uniquement;Nur BE 30 %;Solo BE 30%;Solo BE 30 %
162;Income 12m · net;Analysis page › dividend grid row: net dividend income over the last 12 months;uvalu/pages_/analysis.py:442;;Income 12m · net;Inkomen 12m · netto;Revenus 12 m · nets;Erträge 12 M. · netto;Reddito 12m · netto;Ingresos 12m · netos
163;Income 12m · gross;Analysis page › dividend grid row: gross dividend income over the last 12 months;uvalu/pages_/analysis.py:443;;Income 12m · gross;Inkomen 12m · bruto;Revenus 12 m · bruts;Erträge 12 M. · brutto;Reddito 12m · lordo;Ingresos 12m · brutos
164;Payout ratio · EPS;Analysis page › dividend grid row: payout as a share of earnings per share;uvalu/pages_/analysis.py:444;;Payout ratio · EPS;Uitkeringsratio · WPA;Taux de distribution · BPA;Ausschüttungsquote · EPS;Payout ratio · EPS;Ratio de reparto · BPA
165;Payout ratio · FCF/share;Analysis page › dividend grid row: payout as a share of free cash flow per share;uvalu/pages_/analysis.py:445;;Payout ratio · FCF/share;Uitkeringsratio · VKS/aandeel;Taux de distribution · FTD/action;Ausschüttungsquote · FCF/Aktie;Payout ratio · FCF/azione;Ratio de reparto · FCL/acción
166;Growth · 1yr;Analysis page › dividend grid row: dividend growth over one year;uvalu/pages_/analysis.py:446;;Growth · 1yr;Groei · 1 jaar;Croissance · 1 an;Wachstum · 1 J.;Crescita · 1 anno;Crecimiento · 1 año
167;Growth · 3yr / 5yr CAGR;Analysis page › dividend grid row: compound annual dividend growth over 3 and 5 years;uvalu/pages_/analysis.py:447;;Growth · 3yr / 5yr CAGR;Groei · 3j / 5j CAGR;Croissance · TCAC 3 ans / 5 ans;Wachstum · CAGR 3 J. / 5 J.;Crescita · CAGR 3 anni / 5 anni;Crecimiento · TCAC 3 años / 5 años
168;Withholding;Analysis page › dividend grid row: withholding tax applied;uvalu/pages_/analysis.py:450;;Withholding;Bronheffing;Retenue à la source;Quellensteuer;Ritenuta alla fonte;Retención en origen
169;Feeds DDM inputs;Analysis page › dividend grid row: whether dividend data is used in the dividend discount models;uvalu/pages_/analysis.py:451;;Feeds DDM inputs;Voedt DDM-invoer;Alimente les données du DDM;Fließt in DDM-Eingaben ein;Alimenta gli input del DDM;Alimenta los datos del DDM
170;automatic;Analysis page › value of 'Feeds DDM inputs';uvalu/pages_/analysis.py:451;;automatic;automatisch;automatique;automatisch;automatico;automático
171;Dividend cut detected;Analysis page › warning heading;uvalu/pages_/analysis.py:466;;Dividend cut detected;Dividendverlaging vastgesteld;Baisse du dividende détectée;Dividendenkürzung erkannt;Taglio del dividendo rilevato;Recorte de dividendo detectado
172;Annual dividend per share fell in {year} versus the prior year.;Analysis page › text under 'Dividend cut detected';uvalu/pages_/analysis.py:466;;Annual dividend per share fell in {year} versus the prior year.;Het jaarlijkse dividend per aandeel daalde in {year} ten opzichte van het jaar ervoor.;Le dividende annuel par action a baissé en {year} par rapport à l'année précédente.;Die jährliche Dividende je Aktie ist {year} gegenüber dem Vorjahr gesunken.;Il dividendo annuo per azione è sceso nel {year} rispetto all'anno precedente.;El dividendo anual por acción bajó en {year} respecto al año anterior.
173;Dividend increase detected in {year}.;Analysis page › note when the dividend was raised;uvalu/pages_/analysis.py:472;;Dividend increase detected in {year}.;Dividendverhoging vastgesteld in {year}.;Hausse du dividende détectée en {year}.;Dividendenerhöhung {year} erkannt.;Aumento del dividendo rilevato nel {year}.;Aumento del dividendo detectado en {year}.
174;Payment history · per share;Analysis page › dividend history chart title;uvalu/pages_/analysis.py:475;;Payment history · per share;Uitkeringshistoriek · per aandeel;Historique des versements · par action;Zahlungshistorie · je Aktie;Storico dei pagamenti · per azione;Historial de pagos · por acción
175;No dividend events recorded yet for this holding.;Analysis page › empty state of the dividend history;uvalu/pages_/analysis.py:499;;No dividend events recorded yet for this holding.;Nog geen dividenden geregistreerd voor deze positie.;Aucun dividende enregistré pour cette position.;Für diese Position sind noch keine Dividenden erfasst.;Nessun dividendo registrato finora per questa posizione.;Todavía no hay dividendos registrados para esta posición.
176;Value thesis;Analysis page › card heading for the auto-written summary of why the stock looks cheap or expensive;uvalu/pages_/analysis.py:503;;Value thesis;Waardethese;Thèse de valeur;Value-These;Tesi di valore;Tesis de valor
177;{name} trades at {price} against a composite fair value of {fair_value} ({mos} margin of safety).;Analysis page › first sentence of the value thesis. {mos} is a signed percentage, e.g. +18.5%.;uvalu/pages_/analysis.py:509;;{name} trades at {price} against a composite fair value of {fair_value} ({mos} margin of safety).;{name} noteert op {price} tegenover een samengestelde intrinsieke waarde van {fair_value} ({mos} veiligheidsmarge).;{name} cote {price} pour une juste valeur composite de {fair_value} (marge de sécurité de {mos}).;{name} notiert bei {price} gegenüber einem kombinierten fairen Wert von {fair_value} ({mos} Sicherheitsmarge).;{name} quota {price} a fronte di un valore equo composito di {fair_value} ({mos} di margine di sicurezza).;{name} cotiza a {price} frente a un valor razonable compuesto de {fair_value} (margen de seguridad del {mos}).
178;Scores highest on {best} ({best_score}/100) and weakest on {worst} ({worst_score}/100).;Analysis page › second sentence of the value thesis. {best}/{worst} are sub-score names (margin of safety, risk, quality…) — the code must pass the translated, lowercase names.;uvalu/pages_/analysis.py:516;;Scores highest on {best} ({best_score}/100) and weakest on {worst} ({worst_score}/100).;Scoort het hoogst op {best} ({best_score}/100) en het zwakst op {worst} ({worst_score}/100).;Meilleur score en {best} ({best_score}/100), plus faible en {worst} ({worst_score}/100).;Am stärksten bei {best} ({best_score}/100), am schwächsten bei {worst} ({worst_score}/100).;Punteggio più alto in {best} ({best_score}/100) e più basso in {worst} ({worst_score}/100).;Su mejor puntuación es en {best} ({best_score}/100) y la peor en {worst} ({worst_score}/100).
179;Brussels;Market label for Euronext Brussels (Screener market filter, Portfolio, Watchlist, Analysis);uvalu/pages_/analysis.py:28 uvalu/pages_/portfolio.py:46 uvalu/pages_/watchlist.py:18;;Brussels;Brussel;Bruxelles;Brüssel;Bruxelles;Bruselas
180;Amsterdam;Market label for Euronext Amsterdam;uvalu/pages_/analysis.py:28 uvalu/pages_/portfolio.py:46 uvalu/pages_/watchlist.py:18;;Amsterdam;Amsterdam;Amsterdam;Amsterdam;Amsterdam;Ámsterdam
181;Paris;Market label for Euronext Paris;uvalu/pages_/analysis.py:28 uvalu/pages_/portfolio.py:46 uvalu/pages_/watchlist.py:18;;Paris;Parijs;Paris;Paris;Parigi;París
182;Milan;Market label for Borsa Italiana (Milan);uvalu/pages_/analysis.py:29 uvalu/pages_/portfolio.py:47 uvalu/pages_/watchlist.py:19;;Milan;Milaan;Milan;Mailand;Milano;Milán
183;Frankfurt;Market label for Deutsche Börse / XETRA (Frankfurt);uvalu/pages_/analysis.py:29 uvalu/pages_/portfolio.py:47 uvalu/pages_/watchlist.py:19;;Frankfurt;Frankfurt;Francfort;Frankfurt;Francoforte;Fráncfort
184;Swiss;Market label for SIX Swiss Exchange;uvalu/pages_/analysis.py:29 uvalu/pages_/portfolio.py:47 uvalu/pages_/watchlist.py:19;;Swiss;Zwitserland;Suisse;Schweiz;Svizzera;Suiza
185;No portfolio yet;Dashboard › heading of the empty state for a new user;uvalu/pages_/dashboard.py:43;;No portfolio yet;Nog geen portefeuille;Pas encore de portefeuille;Noch kein Portfolio;Nessun portafoglio per ora;Todavía no tienes cartera
186;Browse the screener to identify stocks worth buying, or import an existing Excel portfolio in Settings.;Dashboard › empty state text;uvalu/pages_/dashboard.py:44;;Browse the screener to identify stocks worth buying, or import an existing Excel portfolio in Settings.;Blader door de screener om aandelen te vinden die het kopen waard zijn, of importeer een bestaande Excel-portefeuille via Instellingen.;Parcours le screener pour repérer les actions intéressantes à acheter, ou importe un portefeuille Excel existant dans Paramètres.;Durchsuche den Screener nach kaufenswerten Aktien oder importiere ein bestehendes Excel-Portfolio in den Einstellungen.;Sfoglia lo screener per individuare i titoli da comprare, oppure importa un portafoglio Excel esistente in Impostazioni.;Explora el screener para encontrar acciones que merezca la pena comprar, o importa una cartera de Excel existente en Ajustes.
187;Open screener;Dashboard › empty state link to the Screener page;uvalu/pages_/dashboard.py:47;;Open screener;Screener openen;Ouvrir le screener;Screener öffnen;Apri lo screener;Abrir el screener
188;Import portfolio;"Dashboard › empty state link; also the Settings › Import & export row title";uvalu/pages_/dashboard.py:48 uvalu/pages_/settings.py:810;;Import portfolio;Portefeuille importeren;Importer un portefeuille;Portfolio importieren;Importa portafoglio;Importar cartera
189;Your portfolio is empty.;Dashboard › notice when there are no positions;uvalu/pages_/dashboard.py:53;;Your portfolio is empty.;Je portefeuille is leeg.;Ton portefeuille est vide.;Dein Portfolio ist leer.;Il tuo portafoglio è vuoto.;Tu cartera está vacía.
190;Portfolio overview;Dashboard › page heading;uvalu/pages_/dashboard.py:153;;Portfolio overview;Overzicht portefeuille;Vue d'ensemble du portefeuille;Portfolioübersicht;Panoramica del portafoglio;Resumen de la cartera
191;Refresh;Dashboard › button to reload prices and data;uvalu/pages_/dashboard.py:159;;Refresh;Vernieuwen;Actualiser;Aktualisieren;Aggiorna;Actualizar
192;Current value;Dashboard › KPI card label: current market value of the portfolio incl. cash;uvalu/pages_/dashboard.py:179;;Current value;Huidige waarde;Valeur actuelle;Aktueller Wert;Valore attuale;Valor actual
193;incl. {amount} cash;Dashboard › small text on the Current value card, e.g. 'incl. €2,300 cash';uvalu/pages_/dashboard.py:181;;incl. {amount} cash;incl. {amount} cash;dont {amount} de liquidités;inkl. {amount} Barmittel;incl. {amount} di liquidità;incl. {amount} en efectivo
194;{amount} unrealised;Dashboard › small text on the Current value card: unrealised gain, e.g. '€4,120 unrealised';uvalu/pages_/dashboard.py:182;;{amount} unrealised;{amount} niet gerealiseerd;{amount} de plus-value latente;{amount} unrealisiert;{amount} non realizzati;{amount} no realizados
195;Cash;Cash label: Dashboard KPI card, Risk allocation bar, dividend type 'Cash' (paid in cash, not shares);uvalu/components.py:1554 uvalu/dialogs.py:39 uvalu/pages_/dashboard.py:184 uvalu/pages_/portfolio.py:651;;Cash;Cash;Liquidités;Barmittel;Liquidità;Efectivo
196;of total value · not in risk;Dashboard › small text on the Cash card: cash share of total value, excluded from risk metrics;uvalu/pages_/dashboard.py:185;;of total value · not in risk;van totale waarde · niet in risico;de la valeur totale · hors risque;vom Gesamtwert · nicht im Risiko;del valore totale · escluso dal rischio;del valor total · fuera del riesgo
197;incl. dividends;Dashboard › small text on the Total return card;uvalu/pages_/dashboard.py:188;;incl. dividends;incl. dividenden;dividendes inclus;inkl. Dividenden;dividendi inclusi;incl. dividendos
198;Fwd income / yr;Dashboard › KPI card label: expected dividend income for the next year;uvalu/pages_/dashboard.py:192;;Fwd income / yr;Verwacht inkomen / jaar;Revenus prévus / an;Erw. Erträge / Jahr;Reddito atteso / anno;Ingresos previstos / año
199;blended yield;Dashboard › small text on the income card: weighted yield across holdings;uvalu/pages_/dashboard.py:193;;blended yield;gemengd rendement;rendement moyen pondéré;gewichtete Rendite;rendimento medio ponderato;rentabilidad media ponderada
200;Dividends received;Dashboard KPI card label and Portfolio › Dividends received card heading;uvalu/pages_/dashboard.py:195 uvalu/pages_/portfolio.py:387;;Dividends received;Ontvangen dividenden;Dividendes reçus;Erhaltene Dividenden;Dividendi ricevuti;Dividendos recibidos
201;Avg margin of safety;Dashboard › KPI card label: average margin of safety across holdings;uvalu/pages_/dashboard.py:200;;Avg margin of safety;Gem. veiligheidsmarge;Marge de sécurité moyenne;Ø Sicherheitsmarge;Margine di sicurezza medio;Margen de seguridad medio
202;vs six-model fair value;Dashboard › small text on the margin-of-safety card;uvalu/pages_/dashboard.py:202;;vs six-model fair value;t.o.v. intrinsieke waarde (zes modellen);vs juste valeur à six modèles;vs. fairer Wert aus sechs Modellen;vs valore equo a sei modelli;vs valor razonable de seis modelos
203;Range;Dashboard › label of the time-range switch above the value chart (1M, 3M, 1Y, All);uvalu/pages_/dashboard.py:219;;Range;Periode;Période;Zeitraum;Periodo;Periodo
204;All;'All' option: Dashboard chart range and Cash activity type filter;uvalu/pages_/cash.py:135 uvalu/pages_/dashboard.py:219;;All;Alles;Tout;Alle;Tutto;Todo
205;Portfolio value over time;Dashboard › chart card heading;uvalu/pages_/dashboard.py:231 uvalu/pages_/dashboard.py:301 uvalu/pages_/dashboard.py:306;;Portfolio value over time;Waarde van de portefeuille in de tijd;Évolution de la valeur du portefeuille;Portfoliowert im Zeitverlauf;Valore del portafoglio nel tempo;Valor de la cartera en el tiempo
206;Portfolio value;Dashboard › chart legend: line for the portfolio's market value;uvalu/pages_/dashboard.py:252 uvalu/pages_/dashboard.py:285;;Portfolio value;Waarde portefeuille;Valeur du portefeuille;Portfoliowert;Valore del portafoglio;Valor de la cartera
207;Amount invested;Dashboard › chart legend: line for cumulative money invested;uvalu/pages_/dashboard.py:255 uvalu/pages_/dashboard.py:285;;Amount invested;Geïnvesteerd bedrag;Montant investi;Investierter Betrag;Importo investito;Importe invertido
208;S&P 500 (same invested);Dashboard › chart legend: what the same investments would be worth in the S&P 500;uvalu/pages_/dashboard.py:260;;S&P 500 (same invested);S&P 500 (zelfde inleg);S&P 500 (même investissement);S&P 500 (gleicher Einsatz);S&P 500 (stesso investimento);S&P 500 (misma inversión)
209;Euro Stoxx 50 (same invested);Dashboard › chart legend: what the same investments would be worth in the Euro Stoxx 50;uvalu/pages_/dashboard.py:265;;Euro Stoxx 50 (same invested);Euro Stoxx 50 (zelfde inleg);Euro Stoxx 50 (même investissement);Euro Stoxx 50 (gleicher Einsatz);Euro Stoxx 50 (stesso investimento);Euro Stoxx 50 (misma inversión)
210;Benchmarks;Dashboard › label of the benchmark toggles above the chart;uvalu/pages_/dashboard.py:294;;Benchmarks;Benchmarks;Indices de référence;Benchmarks;Benchmark;Índices de referencia
211;No history yet — it will appear after your first portfolio snapshot.;Dashboard › empty state of the value chart;uvalu/pages_/dashboard.py:308;;No history yet — it will appear after your first portfolio snapshot.;Nog geen historiek: die verschijnt na de eerste momentopname van je portefeuille.;Pas encore d'historique : il apparaîtra après le premier instantané de ton portefeuille.;Noch kein Verlauf – er erscheint nach dem ersten Snapshot deines Portfolios.;Nessuno storico per ora: comparirà dopo la prima istantanea del portafoglio.;Todavía no hay historial: aparecerá tras la primera instantánea de tu cartera.
212;Conviction & risk;Dashboard › card heading;uvalu/pages_/dashboard.py:313;;Conviction & risk;Overtuiging en risico;Conviction et risque;Überzeugung & Risiko;Convinzione e rischio;Convicción y riesgo
213;Full analysis →;Dashboard › link-button to the Risk page;uvalu/pages_/dashboard.py:316 uvalu/styles.py:4;;Full analysis →;Volledige analyse →;Analyse complète →;Vollständige Analyse →;Analisi completa →;Análisis completo →
214;High conviction;Dashboard › conviction label (score ≥ 75);uvalu/pages_/dashboard.py:380;;High conviction;Hoge overtuiging;Forte conviction;Hohe Überzeugung;Convinzione alta;Convicción alta
215;Constructive;Dashboard › conviction label (score 55–74);uvalu/pages_/dashboard.py:381;;Constructive;Constructief;Constructive;Konstruktiv;Costruttiva;Constructiva
216;Cautious;Dashboard › conviction label (score below 55);uvalu/pages_/dashboard.py:381;;Cautious;Voorzichtig;Prudente;Vorsichtig;Prudente;Prudente
217;Composite conviction;Dashboard › small uppercase label next to the conviction gauge;uvalu/pages_/dashboard.py:382;;Composite conviction;Samengestelde overtuiging;Conviction composite;Gesamtüberzeugung;Convinzione composita;Convicción compuesta
218;Weighted mean signal score across scored holdings.;Dashboard › text under the conviction label. May be followed by the vetoed-positions sentence.;uvalu/pages_/dashboard.py:382;;Weighted mean signal score across scored holdings.;Gewogen gemiddelde signaalscore van de gescoorde posities.;Moyenne pondérée des scores de signal des positions notées.;Gewichteter Durchschnitt der Signal-Scores aller bewerteten Positionen.;Media ponderata dei punteggi di segnale delle posizioni valutate.;Media ponderada de la puntuación de señal de las posiciones valoradas.
219;Not enough scored holdings for a conviction score.;Dashboard › shown instead of the conviction gauge;uvalu/pages_/dashboard.py:398;;Not enough scored holdings for a conviction score.;Te weinig gescoorde posities voor een overtuigingsscore.;Pas assez de positions notées pour un score de conviction.;Zu wenige bewertete Positionen für einen Überzeugungs-Score.;Posizioni valutate insufficienti per un punteggio di convinzione.;No hay suficientes posiciones valoradas para una puntuación de convicción.
220;Beta;Risk metric label: Dashboard risk snapshot and Risk page (shown uppercase);uvalu/pages_/dashboard.py:413 uvalu/pages_/risk.py:121 uvalu/pages_/risk.py:262;;Beta;Bèta;Bêta;Beta;Beta;Beta
221;Volatility;Risk metric label: Dashboard risk snapshot and Risk page (shown uppercase);uvalu/pages_/dashboard.py:413 uvalu/pages_/risk.py:263;;Volatility;Volatiliteit;Volatilité;Volatilität;Volatilità;Volatilidad
222;Max drawdown;Dashboard › risk snapshot label: largest peak-to-trough fall;uvalu/pages_/dashboard.py:414;;Max drawdown;Max. daling;Baisse maximale;Max. Drawdown;Drawdown massimo;Caída máxima
223;Holdings · price vs fair value;Dashboard › holdings table card heading;uvalu/pages_/dashboard.py:430;;Holdings · price vs fair value;Posities · koers t.o.v. intrinsieke waarde;Positions · cours vs juste valeur;Positionen · Kurs vs. fairer Wert;Posizioni · prezzo vs valore equo;Posiciones · precio vs valor razonable
224;Each track runs from €0 to the six-model fair-value estimate. Gap to the marker is your remaining margin of safety.;Dashboard › caption under the holdings table heading, explaining the horizontal fair-value bars;uvalu/pages_/dashboard.py:430;;Each track runs from €0 to the six-model fair-value estimate. Gap to the marker is your remaining margin of safety.;Elke balk loopt van €0 tot de geschatte intrinsieke waarde volgens zes modellen. De afstand tot de markering is je resterende veiligheidsmarge.;Chaque barre va de 0 € à la juste valeur estimée par les six modèles. L'écart jusqu'au repère est ta marge de sécurité restante.;Jeder Balken reicht von 0 € bis zum fairen Wert aus sechs Modellen. Der Abstand zur Markierung ist deine verbleibende Sicherheitsmarge.;Ogni barra va da 0 € alla stima del valore equo dei sei modelli. La distanza dal segno è il tuo margine di sicurezza residuo.;Cada barra va de 0 € a la estimación de valor razonable de los seis modelos. La distancia hasta la marca es tu margen de seguridad restante.
225;Position;Table column header: the stock (name and ticker). Used on Dashboard, Portfolio, Risk, Watchlist, Screener.;uvalu/components.py:1391 uvalu/pages_/dashboard.py:444 uvalu/pages_/portfolio.py:305 uvalu/pages_/risk.py:121 uvalu/pages_/watchlist.py:27;;Position;Positie;Position;Position;Posizione;Posición
226;Signal;Table column header for the BUY / MONITOR / AVOID badge (badges themselves stay in English);uvalu/pages_/dashboard.py:444 uvalu/pages_/screener.py:41 uvalu/pages_/watchlist.py:27;;Signal;Signaal;Signal;Signal;Segnale;Señal
227;Fair-value ladder;Dashboard › holdings table column: bar showing price against fair value;uvalu/pages_/dashboard.py:444;;Fair-value ladder;Waardeladder;Échelle de juste valeur;Fair-Value-Leiter;Scala del valore equo;Escala de valor razonable
228;MoS %;Dashboard › holdings table column: margin of safety in percent (short);uvalu/pages_/dashboard.py:444;;MoS %;Marge %;Marge %;Marge %;Margine %;Margen %
229;Weight;Table column header: position weight in the portfolio (Dashboard, Portfolio, Risk);uvalu/pages_/dashboard.py:444 uvalu/pages_/portfolio.py:306 uvalu/pages_/risk.py:121;;Weight;Gewicht;Poids;Gewichtung;Peso;Peso
230;Value;Dashboard › holdings table column: current market value;uvalu/pages_/dashboard.py:444;;Value;Waarde;Valeur;Wert;Valore;Valor
231;P&L;Dashboard › holdings table column: profit and loss (short);uvalu/pages_/dashboard.py:444;;P&L;W/V;P/V;G/V;P/L;G/P
232;View details;Dashboard › button under the holdings table;uvalu/pages_/dashboard.py:504;;View details;Details bekijken;Voir le détail;Details anzeigen;Vedi dettagli;Ver detalles
233;No screener data available for your holdings.;Dashboard › empty state of holdings and dividends cards;uvalu/pages_/dashboard.py:519 uvalu/pages_/dashboard.py:635;;No screener data available for your holdings.;Geen screenergegevens beschikbaar voor je posities.;Aucune donnée du screener disponible pour tes positions.;Für deine Positionen sind keine Screener-Daten verfügbar.;Nessun dato dello screener disponibile per le tue posizioni.;No hay datos del screener para tus posiciones.
234;Sector allocation;Dashboard › card heading for the sector pie chart;uvalu/pages_/dashboard.py:527;;Sector allocation;Sectorverdeling;Répartition sectorielle;Sektorverteilung;Allocazione settoriale;Distribución por sectores
235;Unknown;Fallback name when a stock's sector or country is not known (sector chart, risk concentration);risk.py:577 uvalu/pages_/dashboard.py:542;;Unknown;Onbekend;Inconnu;Unbekannt;Sconosciuto;Desconocido
236;No data available for this breakdown.;Dashboard › empty state of the allocation chart;uvalu/ui.py:310;;No data available for this breakdown.;Geen gegevens beschikbaar voor deze verdeling.;Aucune donnée disponible pour cette répartition.;Für diese Aufteilung sind keine Daten verfügbar.;Nessun dato disponibile per questa ripartizione.;No hay datos disponibles para este desglose.
237;Upcoming dividends;Dashboard › card heading;uvalu/pages_/dashboard.py:551;;Upcoming dividends;Komende dividenden;Prochains dividendes;Anstehende Dividenden;Prossimi dividendi;Próximos dividendos
238;{amount} / yr;Dashboard › expected annual dividend income next to 'Upcoming dividends', e.g. '€1,240 / yr';uvalu/pages_/dashboard.py:555;;{amount} / yr;{amount} / jaar;{amount} / an;{amount} / Jahr;{amount} / anno;{amount} / año
239;{date} · {yield_pct} yield;Dashboard › upcoming dividend row: ex-dividend date and yield. Badges ('· soon', '· cut', '· raised') may follow.;uvalu/pages_/dashboard.py:619;;{date} · {yield_pct} yield;{date} · {yield_pct} rendement;{date} · rendement {yield_pct};{date} · {yield_pct} Rendite;{date} · rendimento {yield_pct};{date} · rentabilidad {yield_pct}
240;· soon;Dashboard › badge on an upcoming dividend: ex-date within 7 days;uvalu/pages_/dashboard.py:608;;· soon;· binnenkort;· bientôt;· bald;· a breve;· pronto
241;· cut;Dashboard › badge on an upcoming dividend: dividend was just cut;uvalu/pages_/dashboard.py:614;;· cut;· verlaagd;· réduit;· gekürzt;· tagliato;· recortado
242;· raised;Dashboard › badge on an upcoming dividend: dividend was just raised;uvalu/pages_/dashboard.py:616;;· raised;· verhoogd;· augmenté;· erhöht;· aumentato;· aumentado
243;{amount} gross;Dashboard › upcoming dividend row: expected gross amount, e.g. '€84.00 gross';uvalu/pages_/dashboard.py:619;;{amount} gross;{amount} bruto;{amount} brut;{amount} brutto;{amount} lordi;{amount} brutos
244;No upcoming ex-dividend dates in the next 30 days.;Dashboard › empty state of Upcoming dividends;uvalu/pages_/dashboard.py:631;;No upcoming ex-dividend dates in the next 30 days.;Geen ex-dividenddata in de komende 30 dagen.;Aucune date de détachement dans les 30 prochains jours.;Keine Ex-Tage in den nächsten 30 Tagen.;Nessuna data di stacco nei prossimi 30 giorni.;No hay fechas ex-dividendo en los próximos 30 días.
245;Ex-dividend dates not yet in cache — click Refresh in the screener.;Dashboard › note when dividend dates haven't been downloaded yet;uvalu/pages_/dashboard.py:633;;Ex-dividend dates not yet in cache — click Refresh in the screener.;Ex-dividenddata nog niet in de cache: klik op Vernieuwen in de screener.;Dates de détachement pas encore en cache : clique sur Actualiser dans le screener.;Ex-Tage noch nicht im Cache – klicke im Screener auf Aktualisieren.;Date di stacco non ancora in cache: fai clic su Aggiorna nello screener.;Las fechas ex-dividendo aún no están en caché: pulsa Actualizar en el screener.
246;Top movers today;Dashboard › card heading: biggest daily price changes in your holdings;uvalu/pages_/dashboard.py:638;;Top movers today;Grootste bewegers vandaag;Plus fortes variations du jour;Größte Bewegungen heute;Maggiori variazioni di oggi;Mayores movimientos de hoy
247;No daily price data available.;Dashboard › empty state of Top movers;uvalu/pages_/dashboard.py:661;;No daily price data available.;Geen dagkoersen beschikbaar.;Aucun cours journalier disponible.;Keine Tageskurse verfügbar.;Nessun prezzo giornaliero disponibile.;No hay precios diarios disponibles.
248;← Back;Help and Settings pages › back button;uvalu/pages_/help.py:123 uvalu/pages_/settings.py:386;;← Back;← Terug;← Retour;← Zurück;← Indietro;← Volver
249;How Uvalu scores value, builds fair value and applies veto discipline.;Help page › caption under the title;uvalu/pages_/help.py:128;;How Uvalu scores value, builds fair value and applies veto discipline.;Hoe Uvalu waarde scoort, de intrinsieke waarde opbouwt en veto's toepast.;Comment Uvalu évalue la valeur, calcule la juste valeur et applique les règles de veto.;Wie Uvalu Wert bewertet, den fairen Wert ermittelt und Veto-Regeln anwendet.;Come Uvalu valuta il valore, calcola il valore equo e applica le regole di veto.;Cómo puntúa Uvalu el valor, calcula el valor razonable y aplica las reglas de veto.
250;Signal legend;Help page › section heading explaining the BUY / MONITOR / AVOID / VETO badges;uvalu/pages_/help.py:132;;Signal legend;Legende van de signalen;Légende des signaux;Signal-Legende;Legenda dei segnali;Leyenda de señales
251;Composite score clears the BUY threshold and the margin of safety clears its target — both conditions together, set in Settings → Screening & veto rules.;Help › signal legend: meaning of the BUY badge. Settings section name must match its translation.;uvalu/pages_/help.py:37;;Composite score clears the BUY threshold and the margin of safety clears its target — both conditions together, set in Settings → Screening & veto rules.;De totaalscore haalt de BUY-drempel en de veiligheidsmarge haalt haar doel: beide voorwaarden samen, in te stellen via Instellingen → Screening- en vetoregels.;Le score composite dépasse le seuil BUY et la marge de sécurité atteint son objectif : les deux conditions ensemble, réglées dans Paramètres → Règles de filtrage et de veto.;Der Gesamtscore erreicht die BUY-Schwelle und die Sicherheitsmarge ihr Ziel – beide Bedingungen zusammen, einstellbar unter Einstellungen → Screening- & Veto-Regeln.;Il punteggio composito supera la soglia BUY e il margine di sicurezza raggiunge l'obiettivo: entrambe le condizioni insieme, impostate in Impostazioni → Regole di screening e veto.;La puntuación compuesta supera el umbral de BUY y el margen de seguridad alcanza su objetivo: ambas condiciones a la vez, definidas en Ajustes → Reglas de filtrado y veto.
252;Composite score is decent but the margin of safety hasn't cleared the target yet, or the score itself sits below the BUY threshold — worth watching.;Help › signal legend: meaning of the MONITOR badge;uvalu/pages_/help.py:39;;Composite score is decent but the margin of safety hasn't cleared the target yet, or the score itself sits below the BUY threshold — worth watching.;De totaalscore is behoorlijk, maar de veiligheidsmarge haalt het doel nog niet, of de score zelf ligt onder de BUY-drempel: het volgen waard.;Le score composite est correct, mais la marge de sécurité n'atteint pas encore l'objectif, ou le score reste sous le seuil BUY : à surveiller.;Der Gesamtscore ist ordentlich, aber die Sicherheitsmarge hat ihr Ziel noch nicht erreicht oder der Score liegt unter der BUY-Schwelle – beobachtenswert.;Il punteggio composito è discreto ma il margine di sicurezza non ha ancora raggiunto l'obiettivo, oppure il punteggio è sotto la soglia BUY: da tenere d'occhio.;La puntuación compuesta es aceptable, pero el margen de seguridad aún no alcanza el objetivo o la puntuación está por debajo del umbral de BUY: conviene vigilarla.
253;Composite score falls well below the BUY threshold.;Help › signal legend: meaning of the AVOID badge;uvalu/pages_/help.py:41;;Composite score falls well below the BUY threshold.;De totaalscore ligt ruim onder de BUY-drempel.;Le score composite est bien en dessous du seuil BUY.;Der Gesamtscore liegt deutlich unter der BUY-Schwelle.;Il punteggio composito è molto al di sotto della soglia BUY.;La puntuación compuesta está muy por debajo del umbral de BUY.
254;A hard-veto rule tripped (see below) — excluded from BUY scoring no matter what the composite score would otherwise be.;Help › signal legend: meaning of the VETO badge;uvalu/pages_/help.py:42;;A hard-veto rule tripped (see below) — excluded from BUY scoring no matter what the composite score would otherwise be.;Er is een regel voor hard veto geactiveerd (zie hieronder): uitgesloten van BUY, wat de totaalscore ook is.;Une règle de veto strict s'est déclenchée (voir ci-dessous) : exclue des BUY, quel que soit le score composite.;Eine harte Veto-Regel wurde ausgelöst (siehe unten) – vom BUY ausgeschlossen, unabhängig vom Gesamtscore.;È scattata una regola di veto rigido (vedi sotto): escluso dai BUY, qualunque sia il punteggio composito.;Se ha activado una regla de veto estricto (ver abajo): queda excluida de BUY, sea cual sea la puntuación compuesta.
255;NO DATA;Grey badge when a stock has no score (Help legend, tables). Uppercase like the other badges, but translated because it is not a signal.;uvalu/components.py:53 uvalu/pages_/help.py:44;;NO DATA;GEEN DATA;AUCUNE DONNÉE;KEINE DATEN;NESSUN DATO;SIN DATOS
256;No scored screener row for this holding — the fundamentals feed returned nothing (or no price) for it, so there is no fair value, score or signal to show. Not a veto.;Help › signal legend: meaning of the NO DATA badge;uvalu/pages_/help.py:44;;No scored screener row for this holding — the fundamentals feed returned nothing (or no price) for it, so there is no fair value, score or signal to show. Not a veto.;Geen gescoorde screenerregel voor deze positie: de bron met fundamentele gegevens leverde niets (of geen koers), dus er is geen intrinsieke waarde, score of signaal. Dit is geen veto.;Aucune ligne notée dans le screener pour cette position : la source de données fondamentales n'a rien renvoyé (ou pas de cours), il n'y a donc ni juste valeur, ni score, ni signal. Ce n'est pas un veto.;Keine bewertete Screener-Zeile für diese Position – die Fundamentaldatenquelle lieferte nichts (oder keinen Kurs), daher gibt es keinen fairen Wert, Score oder Signal. Kein Veto.;Nessuna riga valutata nello screener per questa posizione: la fonte dei dati fondamentali non ha restituito nulla (o nessun prezzo), quindi non ci sono valore equo, punteggio o segnale. Non è un veto.;No hay ninguna fila valorada en el screener para esta posición: la fuente de datos fundamentales no devolvió nada (o ningún precio), así que no hay valor razonable, puntuación ni señal. No es un veto.
257;The six fair-value models;Help page › section heading;uvalu/pages_/help.py:140;;The six fair-value models;De zes waarderingsmodellen;Les six modèles de juste valeur;Die sechs Fair-Value-Modelle;I sei modelli di valore equo;Los seis modelos de valor razonable
258;Graham Number;Valuation model name (kept untranslated, L-08): Help page and fair-value bars;uvalu/components.py:215 uvalu/pages_/help.py:50;;Graham Number;Graham Number;Graham Number;Graham Number;Graham Number;Graham Number
259;√(22.5 × EPS × book value per share) — Benjamin Graham's classic value formula. Needs positive trailing earnings and book value per share.;Help › explanation of the Graham Number. Use the local decimal separator in 22.5.;uvalu/pages_/help.py:50;;√(22.5 × EPS × book value per share) — Benjamin Graham's classic value formula. Needs positive trailing earnings and book value per share.;√(22,5 × WPA × boekwaarde per aandeel): de klassieke waardeformule van Benjamin Graham. Vereist een positieve winst over de voorbije 12 maanden en een positieve boekwaarde per aandeel.;√(22,5 × BPA × valeur comptable par action) : la formule de valeur classique de Benjamin Graham. Nécessite des bénéfices sur 12 mois et une valeur comptable par action positifs.;√(22,5 × EPS × Buchwert je Aktie) – Benjamin Grahams klassische Value-Formel. Erfordert positive Gewinne der letzten zwölf Monate und einen positiven Buchwert je Aktie.;√(22,5 × EPS × valore contabile per azione): la classica formula di valore di Benjamin Graham. Richiede utili degli ultimi 12 mesi e valore contabile per azione positivi.;√(22,5 × BPA × valor contable por acción): la fórmula de valor clásica de Benjamin Graham. Requiere beneficios de los últimos 12 meses y un valor contable por acción positivos.
260;PE Fair Value;Help › valuation model name: fair value from a fair P/E multiple;uvalu/pages_/help.py:52;;PE Fair Value;K/W-waarde;Juste valeur par le PER;KGV-Fair-Value;Valore equo da P/E;Valor razonable por PER
261;Trailing EPS × a sector-typical fair P/E multiple.;Help › explanation of the P/E fair value model;uvalu/pages_/help.py:52;;Trailing EPS × a sector-typical fair P/E multiple.;Winst per aandeel over 12 maanden × een voor de sector typische faire K/W.;BPA sur 12 mois × un PER juste typique du secteur.;EPS der letzten 12 Monate × ein branchentypisches faires KGV.;EPS degli ultimi 12 mesi × un multiplo P/E equo tipico del settore.;BPA de los últimos 12 meses × un PER razonable típico del sector.
262;EPV (Earnings Power Value);Help › valuation model name (kept in English);uvalu/pages_/help.py:53;;EPV (Earnings Power Value);EPV (Earnings Power Value);EPV (Earnings Power Value);EPV (Earnings Power Value);EPV (Earnings Power Value);EPV (Earnings Power Value)
263;Normalised earnings capitalised at the cost of capital, deliberately ignoring speculative growth.;Help › explanation of EPV;uvalu/pages_/help.py:53;;Normalised earnings capitalised at the cost of capital, deliberately ignoring speculative growth.;Genormaliseerde winst, gekapitaliseerd tegen de kapitaalkost, zonder bewust rekening te houden met speculatieve groei.;Bénéfices normalisés capitalisés au coût du capital, en ignorant volontairement la croissance spéculative.;Normalisierte Gewinne, mit den Kapitalkosten kapitalisiert – spekulatives Wachstum wird bewusst ignoriert.;Utili normalizzati capitalizzati al costo del capitale, ignorando deliberatamente la crescita speculativa.;Beneficios normalizados capitalizados al coste del capital, ignorando deliberadamente el crecimiento especulativo.
264;DDM — 1-stage;Help › valuation model name: one-stage dividend discount model;uvalu/pages_/help.py:55;;DDM — 1-stage;DDM — 1 fase;DDM — 1 phase;DDM — 1-stufig;DDM — 1 fase;DDM — 1 etapa
265;Gordon growth model: next year's expected dividend discounted at (cost of equity − perpetual growth rate). Only applies to dividend payers.;Help › explanation of the one-stage DDM;uvalu/pages_/help.py:55;;Gordon growth model: next year's expected dividend discounted at (cost of equity − perpetual growth rate). Only applies to dividend payers.;Gordon-groeimodel: het verwachte dividend van volgend jaar, verdisconteerd tegen (kost van eigen vermogen − eeuwigdurende groei). Alleen voor dividendbetalers.;Modèle de croissance de Gordon : le dividende attendu l'an prochain, actualisé à (coût des fonds propres − taux de croissance perpétuelle). Uniquement pour les sociétés qui versent un dividende.;Gordon-Wachstumsmodell: die erwartete Dividende des nächsten Jahres, abgezinst mit (Eigenkapitalkosten − ewige Wachstumsrate). Nur für Dividendenzahler.;Modello di crescita di Gordon: il dividendo atteso del prossimo anno, scontato a (costo del capitale proprio − tasso di crescita perpetua). Solo per chi paga dividendi.;Modelo de crecimiento de Gordon: el dividendo esperado del próximo año, descontado a (coste de los fondos propios − tasa de crecimiento perpetuo). Solo para empresas que pagan dividendo.
266;DDM — 2-stage;Help › valuation model name: two-stage dividend discount model;uvalu/pages_/help.py:57;;DDM — 2-stage;DDM — 2 fasen;DDM — 2 phases;DDM — 2-stufig;DDM — 2 fasi;DDM — 2 etapas
267;A higher-growth phase followed by a stable terminal-growth phase, each discounted back separately. Also dividend-payer only.;Help › explanation of the two-stage DDM;uvalu/pages_/help.py:57;;A higher-growth phase followed by a stable terminal-growth phase, each discounted back separately. Also dividend-payer only.;Een fase met hogere groei gevolgd door een stabiele eindgroeifase, elk afzonderlijk verdisconteerd. Ook alleen voor dividendbetalers.;Une phase de croissance plus forte suivie d'une phase de croissance terminale stable, chacune actualisée séparément. Également réservé aux sociétés qui versent un dividende.;Eine Phase höheren Wachstums, gefolgt von einer stabilen Endwachstumsphase, jeweils separat abgezinst. Ebenfalls nur für Dividendenzahler.;Una fase di crescita più alta seguita da una fase di crescita terminale stabile, ciascuna scontata separatamente. Anche questo solo per chi paga dividendi.;Una fase de mayor crecimiento seguida de una fase estable de crecimiento terminal, cada una descontada por separado. También solo para empresas que pagan dividendo.
268;Analyst target;Help › valuation model name: analysts' price target;uvalu/pages_/help.py:59;;Analyst target;Koersdoel analisten;Objectif des analystes;Analystenkursziel;Target degli analisti;Precio objetivo de analistas
269;Mean 12-month analyst price target, sourced from Yahoo Finance.;Help › explanation of the analyst target model;uvalu/pages_/help.py:59;;Mean 12-month analyst price target, sourced from Yahoo Finance.;Gemiddeld koersdoel van analisten op 12 maanden, afkomstig van Yahoo Finance.;Objectif de cours moyen des analystes à 12 mois, issu de Yahoo Finance.;Durchschnittliches 12-Monats-Kursziel der Analysten, Quelle: Yahoo Finance.;Target price medio a 12 mesi degli analisti, fonte Yahoo Finance.;Precio objetivo medio a 12 meses de los analistas, según Yahoo Finance.
270;Hard-veto rules;Help page › section heading;uvalu/pages_/help.py:152;;Hard-veto rules;Regels voor hard veto;Règles de veto strict;Harte Veto-Regeln;Regole di veto rigido;Reglas de veto estricto
271;Debt / equity exceeds the Max debt/equity threshold set in Settings → Screening & veto rules (default 500%).;Help › hard-veto rule 1;uvalu/pages_/help.py:63;;Debt / equity exceeds the Max debt/equity threshold set in Settings → Screening & veto rules (default 500%).;Schuld / eigen vermogen overschrijdt de drempel Max. schuld / eigen vermogen in Instellingen → Screening- en vetoregels (standaard 500%).;Le ratio dette / capitaux propres dépasse le seuil Dette / capitaux propres max. défini dans Paramètres → Règles de filtrage et de veto (500 % par défaut).;Der Verschuldungsgrad überschreitet den Schwellenwert Max. Verschuldungsgrad unter Einstellungen → Screening- & Veto-Regeln (Standard 500 %).;Il rapporto debito / patrimonio netto supera la soglia Debito/patrimonio max impostata in Impostazioni → Regole di screening e veto (predefinito 500%).;La deuda / patrimonio neto supera el umbral de Deuda / patrimonio máx. definido en Ajustes → Reglas de filtrado y veto (500 % por defecto).
272;Free cash flow (trailing twelve months) is negative.;Help › hard-veto rule 2;uvalu/pages_/help.py:65;;Free cash flow (trailing twelve months) is negative.;De vrije kasstroom (voorbije twaalf maanden) is negatief.;Le flux de trésorerie disponible (12 derniers mois) est négatif.;Der Free Cashflow (letzte zwölf Monate) ist negativ.;Il flusso di cassa libero (ultimi dodici mesi) è negativo.;El flujo de caja libre (últimos doce meses) es negativo.
273;"The dividend is flagged ""At risk"" (payout ratio, cash payout ratio, or coverage breach) <em>and</em> dividend coverage is below 1.0× — both conditions together, not either alone.";Help › hard-veto rule 3. Keep the <em>…</em> tags around the word 'and'. 'At risk' must match the translated dividend flag.;uvalu/pages_/help.py:66;;"The dividend is flagged ""At risk"" (payout ratio, cash payout ratio, or coverage breach) <em>and</em> dividend coverage is below 1.0× — both conditions together, not either alone.";"Het dividend is gemarkeerd als ""Risico"" (uitkeringsratio, cash-uitkeringsratio of te lage dekking) <em>en</em> de dividenddekking ligt onder 1,0×: beide voorwaarden samen, niet één van beide.";Le dividende est signalé « À risque » (taux de distribution, taux de distribution en trésorerie ou couverture insuffisante) <em>et</em> la couverture du dividende est inférieure à 1,0× : les deux conditions ensemble, pas l'une ou l'autre.;Die Dividende ist als „Gefährdet“ markiert (Ausschüttungsquote, Cash-Ausschüttungsquote oder Deckung verletzt) <em>und</em> die Dividendendeckung liegt unter 1,0× – beide Bedingungen zusammen, nicht nur eine.;"Il dividendo è segnalato ""A rischio"" (payout ratio, payout di cassa o copertura insufficiente) <em>e</em> la copertura del dividendo è inferiore a 1,0×: entrambe le condizioni insieme, non una sola.";"El dividendo está marcado como ""En riesgo"" (ratio de reparto, ratio de reparto en efectivo o cobertura insuficiente) <em>y</em> la cobertura del dividendo es inferior a 1,0×: ambas condiciones a la vez, no solo una."
274;Frequently asked;Help page › FAQ section heading;uvalu/pages_/help.py:158;;Frequently asked;Veelgestelde vragen;Questions fréquentes;Häufige Fragen;Domande frequenti;Preguntas frecuentes
275;How is the composite fair value calculated?;Help › FAQ question;uvalu/pages_/help.py:71;;How is the composite fair value calculated?;Hoe wordt de samengestelde intrinsieke waarde berekend?;Comment la juste valeur composite est-elle calculée ?;Wie wird der kombinierte faire Wert berechnet?;Come si calcola il valore equo composito?;¿Cómo se calcula el valor razonable compuesto?
276;Each holding is valued by all six models. Outliers are trimmed and the remainder averaged into a single composite fair value. Margin of safety is the discount of the current price to that figure.;Help › FAQ answer;uvalu/pages_/help.py:72;;Each holding is valued by all six models. Outliers are trimmed and the remainder averaged into a single composite fair value. Margin of safety is the discount of the current price to that figure.;Elke positie wordt door alle zes modellen gewaardeerd. Uitschieters worden weggelaten en de rest wordt uitgemiddeld tot één samengestelde intrinsieke waarde. De veiligheidsmarge is de korting van de huidige koers op dat bedrag.;Chaque position est évaluée par les six modèles. Les valeurs aberrantes sont écartées et le reste est moyenné en une seule juste valeur composite. La marge de sécurité est la décote du cours actuel par rapport à ce chiffre.;Jede Position wird von allen sechs Modellen bewertet. Ausreißer werden entfernt und der Rest zu einem kombinierten fairen Wert gemittelt. Die Sicherheitsmarge ist der Abschlag des aktuellen Kurses auf diesen Wert.;Ogni posizione è valutata da tutti e sei i modelli. I valori anomali vengono esclusi e il resto è mediato in un unico valore equo composito. Il margine di sicurezza è lo sconto del prezzo attuale rispetto a quel valore.;Cada posición se valora con los seis modelos. Se descartan los valores atípicos y el resto se promedia en un único valor razonable compuesto. El margen de seguridad es el descuento del precio actual respecto a esa cifra.
277;What does the conviction score mean?;Help › FAQ question;uvalu/pages_/help.py:75;;What does the conviction score mean?;Wat betekent de overtuigingsscore?;Que signifie le score de conviction ?;Was bedeutet der Überzeugungs-Score?;Che cosa significa il punteggio di convinzione?;¿Qué significa la puntuación de convicción?
278;A 0–100 weighted mean of the signal scores across your scored holdings, weighted by position size. Vetoed names are excluded from the average.;Help › FAQ answer;uvalu/pages_/help.py:76;;A 0–100 weighted mean of the signal scores across your scored holdings, weighted by position size. Vetoed names are excluded from the average.;Een gewogen gemiddelde van 0 tot 100 van de signaalscores van je gescoorde posities, gewogen naar positiegrootte. Aandelen met een veto tellen niet mee.;Une moyenne pondérée de 0 à 100 des scores de signal de tes positions notées, pondérée par la taille des positions. Les titres sous veto sont exclus de la moyenne.;Ein gewichteter Durchschnitt von 0 bis 100 der Signal-Scores deiner bewerteten Positionen, gewichtet nach Positionsgröße. Titel mit Veto werden nicht mitgerechnet.;Una media ponderata da 0 a 100 dei punteggi di segnale delle tue posizioni valutate, ponderata per dimensione. I titoli con veto sono esclusi dalla media.;Una media ponderada de 0 a 100 de las puntuaciones de señal de tus posiciones valoradas, ponderada por el tamaño de cada posición. Los valores vetados se excluyen de la media.
279;How often do prices update?;Help › FAQ question;uvalu/pages_/help.py:78;;How often do prices update?;Hoe vaak worden de koersen bijgewerkt?;À quelle fréquence les cours sont-ils mis à jour ?;Wie oft werden die Kurse aktualisiert?;Ogni quanto si aggiornano i prezzi?;¿Con qué frecuencia se actualizan los precios?
280;Quotes refresh on the interval set in Settings → Data during market hours (default every 15 minutes). Fundamentals update daily after each exchange close.;Help › FAQ answer;uvalu/pages_/help.py:79;;Quotes refresh on the interval set in Settings → Data during market hours (default every 15 minutes). Fundamentals update daily after each exchange close.;Tijdens de beursuren worden de koersen vernieuwd volgens het interval in Instellingen → Gegevens (standaard elke 15 minuten). Fundamentele gegevens worden dagelijks bijgewerkt na de sluiting van elke beurs.;Pendant les heures de marché, les cours sont actualisés selon l'intervalle défini dans Paramètres → Données (toutes les 15 minutes par défaut). Les données fondamentales sont mises à jour chaque jour après la clôture de chaque bourse.;Während der Handelszeiten werden die Kurse im unter Einstellungen → Daten festgelegten Intervall aktualisiert (standardmäßig alle 15 Minuten). Fundamentaldaten werden täglich nach Börsenschluss aktualisiert.;Durante l'orario di mercato le quotazioni si aggiornano all'intervallo impostato in Impostazioni → Dati (predefinito ogni 15 minuti). I dati fondamentali si aggiornano ogni giorno dopo la chiusura di ciascuna borsa.;Durante el horario de mercado, las cotizaciones se actualizan con el intervalo definido en Ajustes → Datos (cada 15 minutos por defecto). Los datos fundamentales se actualizan a diario tras el cierre de cada bolsa.
281;Why is a holding excluded from scoring?;Help › FAQ question;uvalu/pages_/help.py:81;;Why is a holding excluded from scoring?;Waarom wordt een positie niet gescoord?;Pourquoi une position est-elle exclue de la notation ?;Warum wird eine Position nicht bewertet?;Perché una posizione è esclusa dalla valutazione?;¿Por qué se excluye una posición de la puntuación?
282;It has breached a hard-veto rule. It still appears in your portfolio and valuations, but is left out of the conviction score until the flag clears.;Help › FAQ answer;uvalu/pages_/help.py:82;;It has breached a hard-veto rule. It still appears in your portfolio and valuations, but is left out of the conviction score until the flag clears.;Ze voldoet niet aan een regel voor hard veto. Ze blijft zichtbaar in je portefeuille en waarderingen, maar telt niet mee in de overtuigingsscore zolang de markering actief is.;Elle enfreint une règle de veto strict. Elle reste visible dans ton portefeuille et tes valorisations, mais n'entre pas dans le score de conviction tant que le signalement est actif.;Sie verstößt gegen eine harte Veto-Regel. Sie bleibt in deinem Portfolio und den Bewertungen sichtbar, fließt aber nicht in den Überzeugungs-Score ein, bis die Markierung aufgehoben ist.;Ha violato una regola di veto rigido. Resta visibile nel portafoglio e nelle valutazioni, ma è esclusa dal punteggio di convinzione finché la segnalazione è attiva.;Ha incumplido una regla de veto estricto. Sigue apareciendo en tu cartera y en las valoraciones, pero queda fuera de la puntuación de convicción hasta que se elimine la marca.
283;Which exchanges are covered?;Help › FAQ question;uvalu/pages_/help.py:84;;Which exchanges are covered?;Welke beurzen worden gedekt?;Quelles bourses sont couvertes ?;Welche Börsen werden abgedeckt?;Quali borse sono coperte?;¿Qué bolsas se cubren?
284;Euronext Amsterdam/Brussels/Paris, XETRA, SIX Swiss, and Borsa Italiana.;"Help › FAQ answer. Exchange names are proper names; only translate city names if usual.";uvalu/pages_/help.py:85;;Euronext Amsterdam/Brussels/Paris, XETRA, SIX Swiss, and Borsa Italiana.;Euronext Amsterdam/Brussel/Parijs, XETRA, SIX Swiss en Borsa Italiana.;Euronext Amsterdam/Bruxelles/Paris, XETRA, SIX Swiss et Borsa Italiana.;Euronext Amsterdam/Brüssel/Paris, XETRA, SIX Swiss und Borsa Italiana.;Euronext Amsterdam/Bruxelles/Parigi, XETRA, SIX Swiss e Borsa Italiana.;Euronext Ámsterdam/Bruselas/París, XETRA, SIX Swiss y Borsa Italiana.
285;{count} position | {count} positions;Count of holdings. Used inside the Dashboard subtitle and elsewhere.;uvalu/pages_/dashboard.py:155;;{count} position | {count} positions;{count} positie | {count} posities;{count} position | {count} positions;{count} Position | {count} Positionen;{count} posizione | {count} posizioni;{count} posición | {count} posiciones
286;{positions} across {count} European exchange · valued against a six-model fair-value estimate. | {positions} across {count} European exchanges · valued against a six-model fair-value estimate.;"Dashboard › subtitle under 'Portfolio overview'. {positions} is the translated '{count} positions' text; the plural here follows the number of exchanges.";uvalu/pages_/dashboard.py:155;;{positions} across {count} European exchange · valued against a six-model fair-value estimate. | {positions} across {count} European exchanges · valued against a six-model fair-value estimate.;{positions} op {count} Europese beurs · gewaardeerd tegen een schatting van de intrinsieke waarde volgens zes modellen. | {positions} op {count} Europese beurzen · gewaardeerd tegen een schatting van de intrinsieke waarde volgens zes modellen.;{positions} sur {count} bourse européenne · évaluées par rapport à une juste valeur estimée par six modèles. | {positions} sur {count} bourses européennes · évaluées par rapport à une juste valeur estimée par six modèles.;{positions} an {count} europäischen Börse · bewertet anhand eines fairen Werts aus sechs Modellen. | {positions} an {count} europäischen Börsen · bewertet anhand eines fairen Werts aus sechs Modellen.;{positions} su {count} borsa europea · valutate rispetto a una stima del valore equo a sei modelli. | {positions} su {count} borse europee · valutate rispetto a una stima del valore equo a sei modelli.;{positions} en {count} bolsa europea · valoradas frente a una estimación de valor razonable de seis modelos. | {positions} en {count} bolsas europeas · valoradas frente a una estimación de valor razonable de seis modelos.
287;{count} position under hard veto. | {count} positions under hard veto.;Dashboard › sentence added after 'Weighted mean signal score…' when some holdings are vetoed;uvalu/pages_/dashboard.py:394;;{count} position under hard veto. | {count} positions under hard veto.;{count} positie met een hard veto. | {count} posities met een hard veto.;{count} position sous veto strict. | {count} positions sous veto strict.;{count} Position mit hartem Veto. | {count} Positionen mit hartem Veto.;{count} posizione con veto rigido. | {count} posizioni con veto rigido.;{count} posición con veto estricto. | {count} posiciones con veto estricto.
288;Add position;"Portfolio › button to record a new holding; also the title of the Add position dialog";uvalu/dialogs.py:286 uvalu/pages_/portfolio.py:169 uvalu/pages_/portfolio.py:241;;Add position;Positie toevoegen;Ajouter une position;Position hinzufügen;Aggiungi posizione;Añadir posición
289;Your portfolio is empty. Click Add position to record your first position.;Portfolio › empty state. 'Add position' must match the button label.;uvalu/pages_/portfolio.py:172;;Your portfolio is empty. Click Add position to record your first position.;Je portefeuille is leeg. Klik op Positie toevoegen om je eerste positie te registreren.;Ton portefeuille est vide. Clique sur Ajouter une position pour enregistrer ta première position.;Dein Portfolio ist leer. Klicke auf Position hinzufügen, um deine erste Position zu erfassen.;Il tuo portafoglio è vuoto. Fai clic su Aggiungi posizione per registrare la prima posizione.;Tu cartera está vacía. Pulsa Añadir posición para registrar tu primera posición.
290;Cost basis, market value and realised results across open and closed positions.;Portfolio › caption under the page title;uvalu/pages_/portfolio.py:231;;Cost basis, market value and realised results across open and closed positions.;Aankoopwaarde, marktwaarde en gerealiseerde resultaten van open en gesloten posities.;Prix de revient, valeur de marché et résultats réalisés des positions ouvertes et clôturées.;Einstandswert, Marktwert und realisierte Ergebnisse offener und geschlossener Positionen.;Costo di carico, valore di mercato e risultati realizzati delle posizioni aperte e chiuse.;Coste de adquisición, valor de mercado y resultados realizados de las posiciones abiertas y cerradas.
291;Export;Portfolio and Cash activity › download button (CSV/Excel);uvalu/pages_/cash.py:99 uvalu/pages_/portfolio.py:239 uvalu/pages_/portfolio.py:598 uvalu/pages_/portfolio.py:693;;Export;Exporteren;Exporter;Exportieren;Esporta;Exportar
292;Invested;Portfolio KPI card label and Risk allocation bar: money invested in open positions;uvalu/components.py:1554 uvalu/pages_/portfolio.py:280;;Invested;Geïnvesteerd;Investi;Investiert;Investito;Invertido
293;current holdings;Portfolio › small text on the Market value card;uvalu/pages_/portfolio.py:283;;current holdings;huidige posities;positions actuelles;aktuelle Positionen;posizioni attuali;posiciones actuales
294;Market value;Portfolio › KPI card label and table column: value at today's price;uvalu/pages_/portfolio.py:282 uvalu/pages_/portfolio.py:306;;Market value;Marktwaarde;Valeur de marché;Marktwert;Valore di mercato;Valor de mercado
295;open positions;Portfolio › small text on the Unrealised P&L card;uvalu/pages_/portfolio.py:286;;open positions;open posities;positions ouvertes;offene Positionen;posizioni aperte;posiciones abiertas
296;Realised P&L;Portfolio › KPI card label and closed-positions column: realised profit and loss;uvalu/pages_/portfolio.py:288 uvalu/pages_/portfolio.py:353;;Realised P&L;Gerealiseerde W/V;P/V réalisée;Realisierter G/V;P/L realizzato;G/P realizada
297;Dividends (12m);Portfolio › KPI card label: dividends received in the last 12 months;uvalu/pages_/portfolio.py:290;;Dividends (12m);Dividenden (12m);Dividendes (12 m);Dividenden (12 M.);Dividendi (12m);Dividendos (12m)
298;income received;Portfolio › small text on the Dividends (12m) card;uvalu/pages_/portfolio.py:290;;income received;ontvangen inkomsten;revenus perçus;erhaltene Erträge;reddito ricevuto;ingresos recibidos
299;Open positions;"Portfolio › card and full-page heading; also a link in the Cash entry dialog";uvalu/dialogs.py:1078 uvalu/pages_/portfolio.py:300 uvalu/pages_/portfolio.py:426;;Open positions;Open posities;Positions ouvertes;Offene Positionen;Posizioni aperte;Posiciones abiertas
300;Open full page;Portfolio › tooltip on the expand icon of a card;uvalu/pages_/cash.py:59 uvalu/pages_/portfolio.py:301;;Open full page;Volledige pagina openen;Ouvrir la page complète;Ganze Seite öffnen;Apri la pagina completa;Abrir la página completa
301;Shares;Table column header: number of shares;uvalu/components.py:1392 uvalu/pages_/portfolio.py:305;;Shares;Aantal;Actions;Stück;Azioni;Acciones
302;Avg cost;Portfolio › column header: average purchase price per share;uvalu/pages_/portfolio.py:305;;Avg cost;Gem. aankoopprijs;PRU;Ø Einstand;Prezzo medio;Precio medio
303;Cost basis;Portfolio › column header: total purchase cost;uvalu/pages_/portfolio.py:305;;Cost basis;Aankoopwaarde;Prix de revient;Einstandswert;Costo di carico;Coste de adquisición
304;Income 12m;Portfolio › column header: dividend income over the last 12 months;uvalu/pages_/portfolio.py:306;;Income 12m;Inkomen 12m;Revenus 12 m;Erträge 12 M.;Reddito 12m;Ingresos 12m
305;Yield;Column header: dividend yield (Portfolio, Screener, Watchlist);uvalu/pages_/portfolio.py:306 uvalu/pages_/screener.py:46 uvalu/pages_/watchlist.py:27;;Yield;Rendement;Rendement;Rendite;Rendimento;Rentabilidad
306;YoC net;Portfolio › column header: net yield on cost (dividend relative to purchase price);uvalu/pages_/portfolio.py:306;;YoC net;YoC netto;YoC net;YoC netto;YoC netto;YoC neto
307;Closed positions;Portfolio › card and full-page heading;uvalu/pages_/portfolio.py:346 uvalu/pages_/portfolio.py:492;;Closed positions;Gesloten posities;Positions clôturées;Geschlossene Positionen;Posizioni chiuse;Posiciones cerradas
308;· realised;Portfolio › small suffix after the 'Closed positions' heading;uvalu/pages_/portfolio.py:346;;· realised;· gerealiseerd;· réalisé;· realisiert;· realizzato;· realizado
309;Buy;"Column header (buy price) on closed positions; also the 'Buy' label in the cash preview of the trade dialog";uvalu/dialogs.py:316 uvalu/pages_/portfolio.py:353;;Buy;Aankoop;Achat;Kauf;Acquisto;Compra
310;Sell;"Column header (sell price) on closed positions; also the 'Sell' label in the cash preview of the sale dialog";uvalu/dialogs.py:461 uvalu/pages_/portfolio.py:353;;Sell;Verkoop;Vente;Verkauf;Vendita;Venta
311;No closed positions yet.;Portfolio › empty state of the Closed positions card;uvalu/pages_/portfolio.py:382;;No closed positions yet.;Nog geen gesloten posities.;Aucune position clôturée pour l'instant.;Noch keine geschlossenen Positionen.;Nessuna posizione chiusa per ora.;Todavía no hay posiciones cerradas.
312;Net dividend;Portfolio › Dividends received column header;uvalu/pages_/portfolio.py:409;;Net dividend;Nettodividend;Dividende net;Nettodividende;Dividendo netto;Dividendo neto
313;No dividends received yet.;Portfolio › empty state of Dividends received;uvalu/pages_/portfolio.py:417;;No dividends received yet.;Nog geen dividenden ontvangen.;Aucun dividende reçu pour l'instant.;Noch keine Dividenden erhalten.;Nessun dividendo ricevuto per ora.;Todavía no has recibido dividendos.
314;← Back to Positions;Portfolio full pages and Cash activity › back button to the Portfolio overview;uvalu/pages_/cash.py:89 uvalu/pages_/portfolio.py:421;;← Back to Positions;← Terug naar posities;← Retour aux positions;← Zurück zu den Positionen;← Torna alle posizioni;← Volver a posiciones
315;"Every holding at cost and at today's price. Click a row for its detail; the pencil edits or sells it.";Portfolio › Open positions full page caption;uvalu/pages_/portfolio.py:428;;"Every holding at cost and at today's price. Click a row for its detail; the pencil edits or sells it.";"Elke positie tegen aankoopprijs en tegen de koers van vandaag. Klik op een rij voor details; met het potlood kun je ze bewerken of verkopen.";"Chaque position au prix de revient et au cours du jour. Clique sur une ligne pour le détail ; le crayon permet de la modifier ou de la vendre.";"Jede Position zum Einstandswert und zum heutigen Kurs. Klicke auf eine Zeile für Details; mit dem Stift kannst du sie bearbeiten oder verkaufen.";"Ogni posizione al costo e al prezzo di oggi. Fai clic su una riga per i dettagli; la matita serve a modificarla o venderla.";"Cada posición a coste y al precio de hoy. Pulsa una fila para ver el detalle; el lápiz permite editarla o venderla."
316;Realised results of sold positions. To sell a holding, use Sell shares in its Edit dialog on Open positions.;Portfolio › Closed positions full page caption. Button names must match their translations.;uvalu/pages_/portfolio.py:495;;Realised results of sold positions. To sell a holding, use Sell shares in its Edit dialog on Open positions.;Gerealiseerde resultaten van verkochte posities. Om een positie te verkopen gebruik je Aandelen verkopen in het bewerkvenster bij Open posities.;Résultats réalisés des positions vendues. Pour vendre une position, utilise Vendre des actions dans sa fenêtre de modification sous Positions ouvertes.;Realisierte Ergebnisse verkaufter Positionen. Zum Verkaufen nutze Aktien verkaufen im Bearbeiten-Dialog unter Offene Positionen.;Risultati realizzati delle posizioni vendute. Per vendere una posizione usa Vendi azioni nella finestra di modifica in Posizioni aperte.;Resultados realizados de las posiciones vendidas. Para vender una posición, usa Vender acciones en su ventana de edición en Posiciones abiertas.
317;Add closed trade;Portfolio › button and dialog title: record a trade bought and sold elsewhere;uvalu/dialogs.py:662 uvalu/pages_/portfolio.py:500;;Add closed trade;Gesloten transactie toevoegen;Ajouter une opération clôturée;Geschlossenen Trade hinzufügen;Aggiungi operazione chiusa;Añadir operación cerrada
318;No closed positions yet. Sell a holding, or record an earlier trade with Add closed trade.;Portfolio › Closed positions full page empty state;uvalu/pages_/portfolio.py:505;;No closed positions yet. Sell a holding, or record an earlier trade with Add closed trade.;Nog geen gesloten posities. Verkoop een positie of registreer een eerdere transactie met Gesloten transactie toevoegen.;Aucune position clôturée pour l'instant. Vends une position ou enregistre une opération passée avec Ajouter une opération clôturée.;Noch keine geschlossenen Positionen. Verkaufe eine Position oder erfasse einen früheren Trade mit Geschlossenen Trade hinzufügen.;Nessuna posizione chiusa per ora. Vendi una posizione o registra un'operazione precedente con Aggiungi operazione chiusa.;Todavía no hay posiciones cerradas. Vende una posición o registra una operación anterior con Añadir operación cerrada.
319;Checking market data for new dividends…;Portfolio › Dividend log › loading message;uvalu/pages_/portfolio.py:551;;Checking market data for new dividends…;Marktgegevens worden gecontroleerd op nieuwe dividenden…;Recherche de nouveaux dividendes dans les données de marché…;Marktdaten werden auf neue Dividenden geprüft …;Controllo dei dati di mercato per nuovi dividendi…;Buscando nuevos dividendos en los datos de mercado…
320;Dividend log;"Portfolio › Dividend log full page heading; also a link in the Cash entry dialog";uvalu/pages_/portfolio.py:593;;Dividend log;Dividendlogboek;Journal des dividendes;Dividendenprotokoll;Registro dei dividendi;Registro de dividendos
321;"Per-holding dividend events. Auto-fetched from the market data source where dividend history is exposed; manual entry fills the gaps.";Portfolio › Dividend log caption;uvalu/pages_/portfolio.py:595;;"Per-holding dividend events. Auto-fetched from the market data source where dividend history is exposed; manual entry fills the gaps.";"Dividenden per positie. Automatisch opgehaald bij de marktgegevensbron waar de dividendhistoriek beschikbaar is; handmatige invoer vult de gaten aan.";"Dividendes par position. Récupérés automatiquement auprès de la source de données de marché quand l'historique est disponible ; la saisie manuelle comble les lacunes.";"Dividenden je Position. Automatisch aus der Marktdatenquelle abgerufen, sofern die Dividendenhistorie verfügbar ist; manuelle Einträge füllen die Lücken.";"Dividendi per posizione. Recuperati automaticamente dalla fonte dei dati di mercato quando lo storico è disponibile; l'inserimento manuale colma le lacune.";"Dividendos por posición. Se obtienen automáticamente de la fuente de datos de mercado cuando el historial está disponible; la entrada manual cubre los huecos."
322;Add dividend;"Portfolio › Dividend log button; also the dialog title";uvalu/dialogs.py:486 uvalu/pages_/portfolio.py:601;;Add dividend;Dividend toevoegen;Ajouter un dividende;Dividende hinzufügen;Aggiungi dividendo;Añadir dividendo
323;No dividend events yet. Add one with Add dividend — events for your held tickers are also fetched from market data where available.;Portfolio › Dividend log empty state;uvalu/pages_/portfolio.py:605;;No dividend events yet. Add one with Add dividend — events for your held tickers are also fetched from market data where available.;"Nog geen dividenden. Voeg er een toe met Dividend toevoegen; voor je posities worden dividenden ook uit marktgegevens opgehaald waar beschikbaar.";"Aucun dividende pour l'instant. Ajoutes-en un avec Ajouter un dividende ; les dividendes de tes positions sont aussi récupérés dans les données de marché quand c'est possible.";Noch keine Dividenden. Füge eine mit Dividende hinzufügen hinzu – für deine Positionen werden Dividenden, wo möglich, auch aus Marktdaten abgerufen.;"Nessun dividendo per ora. Aggiungine uno con Aggiungi dividendo; quando disponibili, i dividendi delle tue posizioni vengono recuperati anche dai dati di mercato.";"Todavía no hay dividendos. Añade uno con Añadir dividendo; cuando es posible, los dividendos de tus posiciones también se obtienen de los datos de mercado."
324;Gross income · 12m;Portfolio › Dividend log KPI card label;uvalu/pages_/portfolio.py:622;;Gross income · 12m;Bruto-inkomen · 12m;Revenus bruts · 12 m;Bruttoerträge · 12 M.;Reddito lordo · 12m;Ingresos brutos · 12m
325;Withholding · 12m;Portfolio › Dividend log KPI card label: total withholding tax over 12 months;uvalu/pages_/portfolio.py:625;;Withholding · 12m;Bronheffing · 12m;Retenues · 12 m;Quellensteuer · 12 M.;Ritenute · 12m;Retenciones · 12m
326;{foreign} foreign · {belgian} BE 30%;Portfolio › small text on the Withholding card: foreign withholding and 30% Belgian withholding tax amounts;uvalu/pages_/portfolio.py:626;;{foreign} foreign · {belgian} BE 30%;{foreign} buitenlands · {belgian} RV 30%;{foreign} étranger · {belgian} Pr.M. 30 %;{foreign} ausländisch · {belgian} BE 30 %;{foreign} estera · {belgian} BE 30%;{foreign} extranjera · {belgian} BE 30 %
327;Net income · 12m;Portfolio › Dividend log KPI card label;uvalu/pages_/portfolio.py:628;;Net income · 12m;Netto-inkomen · 12m;Revenus nets · 12 m;Nettoerträge · 12 M.;Reddito netto · 12m;Ingresos netos · 12m
328;after all withholding;Portfolio › small text on the Net income card;uvalu/pages_/portfolio.py:628;;after all withholding;na alle bronheffingen;après toutes les retenues;nach allen Quellensteuern;al netto di tutte le ritenute;después de todas las retenciones
329;Net yield;Portfolio › Dividend log KPI card label;uvalu/pages_/portfolio.py:630;;Net yield;Nettorendement;Rendement net;Nettorendite;Rendimento netto;Rentabilidad neta
330;on market value;Portfolio › small text on the Net yield card;uvalu/pages_/portfolio.py:630;;on market value;op marktwaarde;sur la valeur de marché;auf den Marktwert;sul valore di mercato;sobre el valor de mercado
331;Net yield-on-cost;Portfolio › Dividend log KPI card label;uvalu/pages_/portfolio.py:632;;Net yield-on-cost;Nettorendement op kostprijs;Rendement net sur coût;Netto-Yield-on-Cost;Rendimento netto sul costo;Rentabilidad neta sobre coste
332;weighted, remaining cost basis;Portfolio › small text on the Net yield-on-cost card;uvalu/pages_/portfolio.py:633;;weighted, remaining cost basis;gewogen, resterende aankoopwaarde;pondéré, prix de revient restant;gewichtet, verbleibender Einstandswert;ponderato, costo di carico residuo;ponderado, coste de adquisición restante
333;no treaty WH;Portfolio › Dividend log › withholding note: no foreign withholding under a tax treaty;uvalu/pages_/portfolio.py:656;;no treaty WH;geen verdragsheffing;pas de retenue conventionnelle;keine Abkommens-QSt;nessuna ritenuta da trattato;sin retención por convenio
334;Annual dividend income summary;Portfolio › card heading: per-year dividend totals;uvalu/pages_/portfolio.py:689;;Annual dividend income summary;Jaaroverzicht dividendinkomsten;Récapitulatif annuel des dividendes;Jährliche Dividendenübersicht;Riepilogo annuale dei dividendi;Resumen anual de dividendos
335;Net and gross reported separately, for your own tax filing.;Portfolio › caption next to the annual summary heading;uvalu/pages_/portfolio.py:689;;Net and gross reported separately, for your own tax filing.;Netto en bruto apart vermeld, voor je eigen belastingaangifte.;Net et brut indiqués séparément, pour ta déclaration fiscale.;Netto und brutto getrennt ausgewiesen, für deine Steuererklärung.;Netto e lordo indicati separatamente, per la tua dichiarazione dei redditi.;Neto y bruto por separado, para tu declaración de impuestos.
336;No dividend history to summarise yet.;Portfolio › annual summary empty state;uvalu/pages_/portfolio.py:697;;No dividend history to summarise yet.;Nog geen dividendhistoriek om samen te vatten.;Pas encore d'historique de dividendes à récapituler.;Noch keine Dividendenhistorie für eine Übersicht.;Nessuno storico dei dividendi da riepilogare.;Todavía no hay historial de dividendos que resumir.
337;Year;Portfolio › annual summary column header;uvalu/pages_/portfolio.py:707;;Year;Jaar;Année;Jahr;Anno;Año
338;Gross;Column header / label: gross dividend amount (annual summary, dividend log, dividend dialog preview);uvalu/components.py:1392 uvalu/dialogs.py:82 uvalu/pages_/portfolio.py:707;;Gross;Bruto;Brut;Brutto;Lordo;Bruto
339;Foreign WH;Column header: foreign withholding tax (short);uvalu/components.py:1392 uvalu/pages_/portfolio.py:707;;Foreign WH;Buitenl. bronh.;RAS étrangère;Ausl. QSt;Rit. estera;Ret. extranjera
340;BE 30%;Column header: 30% Belgian withholding tax on dividends (roerende voorheffing / précompte mobilier);uvalu/components.py:1393 uvalu/pages_/portfolio.py:707;;BE 30%;RV 30%;Pr.M. 30 %;BE 30 %;BE 30%;BE 30 %
341;Net;Column header: net dividend after withholding;uvalu/components.py:1393 uvalu/pages_/portfolio.py:707;;Net;Netto;Net;Netto;Netto;Neto
342;year to date;Portfolio › annual summary: marks the current, unfinished year;uvalu/pages_/portfolio.py:716;;year to date;lopend jaar;depuis le début de l'année;seit Jahresbeginn;da inizio anno;en lo que va de año
343;full year;Portfolio › annual summary: marks a completed year;uvalu/pages_/portfolio.py:716;;full year;volledig jaar;année complète;ganzes Jahr;anno intero;año completo
344;Edit position;"Portfolio › tooltip on the pencil icon of an open position; also the dialog title";uvalu/components.py:1247 uvalu/dialogs.py:349;;Edit position;Positie bewerken;Modifier la position;Position bearbeiten;Modifica posizione;Editar posición
345;{name} · closed {date};Portfolio › closed position row subtitle;uvalu/components.py:1275;;{name} · closed {date};{name} · gesloten op {date};{name} · clôturée le {date};{name} · geschlossen am {date};{name} · chiusa il {date};{name} · cerrada el {date}
346;Edit trade;"Portfolio › tooltip on the pencil of a closed trade; also the dialog title";uvalu/components.py:1301 uvalu/dialogs.py:715;;Edit trade;Transactie bewerken;Modifier l'opération;Trade bearbeiten;Modifica operazione;Editar operación
347;· DRIP;Portfolio › Dividend log badge: dividend was reinvested (DRIP);uvalu/components.py:1338;;· DRIP;· DRIP;· DRIP;· DRIP;· DRIP;· DRIP
348;Edit dividend;"Portfolio › tooltip on the pencil of a dividend row; also the dialog title";uvalu/components.py:1369 uvalu/dialogs.py:575;;Edit dividend;Dividend bewerken;Modifier le dividende;Dividende bearbeiten;Modifica dividendo;Editar dividendo
349;Ex-date;Dividend log column header: ex-dividend date;uvalu/components.py:1391;;Ex-date;Ex-datum;Date de détachement;Ex-Tag;Data di stacco;Fecha ex
350;Pay date;Dividend log column header: payment date;uvalu/components.py:1391;;Pay date;Betaaldatum;Date de paiement;Zahltag;Data di pagamento;Fecha de pago
351;Type;Column header / field label: dividend type (Cash, Stock, Special) or cash transaction type;uvalu/components.py:1391 uvalu/components.py:1620 uvalu/dialogs.py:529;;Type;Type;Type;Art;Tipo;Tipo
352;Per share;Dividend log column header: gross dividend per share;uvalu/components.py:1392;;Per share;Per aandeel;Par action;Je Aktie;Per azione;Por acción
353;Source;Column header: where the entry came from (Auto / Manual);uvalu/components.py:1393 uvalu/components.py:1620;;Source;Bron;Source;Quelle;Fonte;Origen
354;Auto;Dividend log › source value: fetched automatically;uvalu/components.py:1440;;Auto;Auto;Auto;Auto;Auto;Auto
355;Manual;Dividend log › source value: entered by hand;uvalu/components.py:1440;;Manual;Handmatig;Manuel;Manuell;Manuale;Manual
356;View;Button to open a stock row (Risk page, tables);uvalu/components.py:676 uvalu/components.py:1251 uvalu/pages_/risk.py:425;;View;Bekijken;Voir;Ansehen;Vedi;Ver
357;Signals;Dashboard › small caption above the recent-signals list;uvalu/components.py:105;;Signals;Signalen;Signaux;Signale;Segnali;Señales
358;No recent signals.;Dashboard › empty state of the recent-signals list;uvalu/components.py:955;;No recent signals.;Geen recente signalen.;Aucun signal récent.;Keine aktuellen Signale.;Nessun segnale recente.;No hay señales recientes.
359;Undervalued;Fair-value legend (components) and valuation label on the Risk page;risk.py:523 uvalu/components.py:941;;Undervalued;Ondergewaardeerd;Sous-évalué;Unterbewertet;Sottovalutato;Infravalorado
360;Near fair;Fair-value legend: price close to fair value;uvalu/components.py:941;;Near fair;Rond de waarde;Proche de la juste valeur;Nahe am fairen Wert;Vicino al valore equo;Cerca del valor razonable
361;Overvalued;Fair-value legend and valuation label on the Risk page;risk.py:521 uvalu/components.py:941;;Overvalued;Overgewaardeerd;Surévalué;Überbewertet;Sopravvalutato;Sobrevalorado
362;Fairly Valued;Risk page › valuation label between Undervalued and Overvalued;risk.py:522;;Fairly Valued;Correct gewaardeerd;Correctement valorisé;Fair bewertet;Valutato correttamente;Valorado correctamente
363;P/E fair value;Fair-value bars › model name: fair value from a fair P/E multiple;uvalu/components.py:216;;P/E fair value;K/W-waarde;Juste valeur par le PER;KGV-Fair-Value;Valore equo da P/E;Valor razonable por PER
364;Dividend discount;Fair-value bars › model name: one-stage dividend discount model;uvalu/components.py:218;;Dividend discount;Dividendkorting (DDM);Actualisation des dividendes;Dividendendiskontierung;Sconto dei dividendi;Descuento de dividendos
365;DDM 2-stage;Fair-value bars › model name: two-stage dividend discount model;uvalu/components.py:219;;DDM 2-stage;DDM 2 fasen;DDM 2 phases;DDM 2-stufig;DDM 2 fasi;DDM 2 etapas
366;Analyst Target;Fair-value bars › model name: analysts' price target;uvalu/components.py:220;;Analyst Target;Koersdoel analisten;Objectif des analystes;Analystenkursziel;Target degli analisti;Precio objetivo de analistas
367;Book value;Fair-value bars › fallback model name: book value per share;uvalu/components.py:222;;Book value;Boekwaarde;Valeur comptable;Buchwert;Valore contabile;Valor contable
368;FCF value;Fair-value bars › fallback model name: value based on free cash flow;uvalu/components.py:223;;FCF value;VKS-waarde;Valeur FTD;FCF-Wert;Valore FCF;Valor FCL
369;n/a for this sector;Fair-value bars › why a model has no value;uvalu/components.py:238;;n/a for this sector;n.v.t. voor deze sector;non applicable à ce secteur;für diesen Sektor n. v.;n/d per questo settore;no aplica a este sector
370;no positive EPS;Fair-value bars › why a model has no value;uvalu/components.py:239;;no positive EPS;geen positieve WPA;pas de BPA positif;kein positives EPS;nessun EPS positivo;sin BPA positivo
371;no book value;Fair-value bars › why a model has no value;uvalu/components.py:240;;no book value;geen boekwaarde;pas de valeur comptable;kein Buchwert;nessun valore contabile;sin valor contable
372;price too far below book value to trust;Fair-value bars › why a model has no value;uvalu/components.py:241;;price too far below book value to trust;koers te ver onder boekwaarde om te vertrouwen;cours trop inférieur à la valeur comptable pour être fiable;Kurs zu weit unter Buchwert, um verlässlich zu sein;prezzo troppo sotto il valore contabile per essere affidabile;precio demasiado por debajo del valor contable para ser fiable
373;net debt > earnings;Fair-value bars › why a model has no value;uvalu/components.py:242;;net debt > earnings;nettoschuld > winst;dette nette > bénéfices;Nettoschulden > Gewinn;debito netto > utili;deuda neta > beneficios
374;no enterprise value;Fair-value bars › why a model has no value;uvalu/components.py:243;;no enterprise value;geen ondernemingswaarde;pas de valeur d'entreprise;kein Unternehmenswert;nessun valore d'impresa;sin valor de empresa
375;no multi-year EBIT;Fair-value bars › why a model has no value;uvalu/components.py:244;;no multi-year EBIT;geen meerjarige EBIT;pas d'EBIT sur plusieurs années;kein mehrjähriges EBIT;nessun EBIT pluriennale;sin EBIT plurianual
376;through-cycle EBIT ≤ 0;Fair-value bars › why a model has no value: average EBIT over the cycle is zero or negative;uvalu/components.py:245;;through-cycle EBIT ≤ 0;EBIT over de cyclus ≤ 0;EBIT sur le cycle ≤ 0;EBIT über den Zyklus ≤ 0;EBIT sul ciclo ≤ 0;EBIT del ciclo ≤ 0
377;not a dividend payer;Fair-value bars › why a model has no value;uvalu/components.py:246;;not a dividend payer;keert geen dividend uit;ne verse pas de dividende;zahlt keine Dividende;non paga dividendi;no paga dividendo
378;no usable payout ratio;Fair-value bars › why a model has no value;uvalu/components.py:247;;no usable payout ratio;geen bruikbare uitkeringsratio;pas de taux de distribution exploitable;keine verwertbare Ausschüttungsquote;nessun payout ratio utilizzabile;sin ratio de reparto utilizable
379;payout outside DDM range;Fair-value bars › why a model has no value;uvalu/components.py:248;;payout outside DDM range;uitkering buiten DDM-bereik;distribution hors de la plage du DDM;Ausschüttung außerhalb des DDM-Bereichs;payout fuori dall'intervallo DDM;reparto fuera del rango del DDM
380;discount rate ≈ dividend growth;Fair-value bars › why a model has no value;uvalu/components.py:249;;discount rate ≈ dividend growth;disconteringsvoet ≈ dividendgroei;taux d'actualisation ≈ croissance du dividende;Diskontsatz ≈ Dividendenwachstum;tasso di sconto ≈ crescita del dividendo;tasa de descuento ≈ crecimiento del dividendo
381;no analyst coverage;Fair-value bars › why a model has no value;uvalu/components.py:250;;no analyst coverage;geen analistendekking;pas de couverture par les analystes;keine Analystenabdeckung;nessuna copertura degli analisti;sin cobertura de analistas
382;“Book value” / “FCF value” stand in where a core model (Graham, P/E, EPV) couldn’t be computed.;Fair-value bars › footnote. Quoted names must match the translated model names.;uvalu/components.py:283;;“Book value” / “FCF value” stand in where a core model (Graham, P/E, EPV) couldn’t be computed.;‘Boekwaarde’ en ‘VKS-waarde’ vervangen een kernmodel (Graham, K/W, EPV) dat niet kon worden berekend.;« Valeur comptable » / « Valeur FTD » remplacent un modèle principal (Graham, PER, EPV) qui n'a pas pu être calculé.;„Buchwert“ / „FCF-Wert“ springen ein, wenn ein Kernmodell (Graham, KGV, EPV) nicht berechnet werden konnte.;«Valore contabile» / «Valore FCF» sostituiscono un modello principale (Graham, P/E, EPV) che non è stato possibile calcolare.;«Valor contable» / «Valor FCL» sustituyen a un modelo principal (Graham, PER, EPV) que no se pudo calcular.
383;The composite applies a −10% optimism haircut to the Analyst Target shown.;Fair-value bars › footnote;uvalu/components.py:286;;The composite applies a −10% optimism haircut to the Analyst Target shown.;De samengestelde waarde past een correctie van −10% voor optimisme toe op het getoonde koersdoel van analisten.;La valeur composite applique une décote d'optimisme de −10 % à l'objectif des analystes affiché.;Der kombinierte Wert zieht vom angezeigten Analystenkursziel einen Optimismusabschlag von −10 % ab.;Il valore composito applica uno sconto di ottimismo del −10% al target degli analisti mostrato.;El valor compuesto aplica un descuento por optimismo del −10 % al precio objetivo de analistas mostrado.
384;Not enough model data for a fair-value ladder.;Fair-value bars › empty state;uvalu/components.py:320 uvalu/components.py:326;;Not enough model data for a fair-value ladder.;Te weinig modelgegevens voor een waardeladder.;Pas assez de données de modèles pour une échelle de juste valeur.;Zu wenige Modelldaten für eine Fair-Value-Leiter.;Dati dei modelli insufficienti per una scala del valore equo.;No hay suficientes datos de los modelos para una escala de valor razonable.
385;basis · {count} of 6 models;Fair-value bars › line under the composite: how many models back it. May be followed by '· lightly corroborated'.;uvalu/components.py:379;;basis · {count} of 6 models;basis · {count} van 6 modellen;base · {count} modèles sur 6;Basis · {count} von 6 Modellen;base · {count} modelli su 6;base · {count} de 6 modelos
386;· lightly corroborated;Fair-value bars › warning suffix: only few models support the composite;uvalu/components.py:378;;· lightly corroborated;· zwak onderbouwd;· peu corroborée;· schwach bestätigt;· poco corroborato;· poco respaldado
387;fv pending;Stock rows › shown when the fair value is still being calculated ('fv' = fair value);uvalu/components.py:397;;fv pending;waarde volgt;JV en attente;FW ausstehend;VE in attesa;VR pendiente
388;fv {amount};Stock rows › short fair value, e.g. 'fv €42.10' ('fv' = fair value);uvalu/components.py:408;;fv {amount};iw {amount};JV {amount};FW {amount};VE {amount};VR {amount}
389;Total portfolio value {amount} · risk metrics use the invested portion only;Risk page › text under the invested/cash allocation bar;uvalu/components.py:1554;;Total portfolio value {amount} · risk metrics use the invested portion only;Totale waarde portefeuille {amount} · risicomaatstaven gebruiken alleen het geïnvesteerde deel;Valeur totale du portefeuille {amount} · les indicateurs de risque n'utilisent que la partie investie;Gesamtwert des Portfolios {amount} · Risikokennzahlen berücksichtigen nur den investierten Teil;Valore totale del portafoglio {amount} · le metriche di rischio usano solo la parte investita;Valor total de la cartera {amount} · las métricas de riesgo solo usan la parte invertida
390;debt/equity of {ratio}% exceeds the {limit}% limit;Veto reason shown after 'Hard veto triggered/active'. Lowercase, joined with other reasons.;uvalu/components.py:81;;debt/equity of {ratio}% exceeds the {limit}% limit;schuld/eigen vermogen van {ratio}% overschrijdt de limiet van {limit}%;un ratio dette/capitaux propres de {ratio} % dépasse la limite de {limit} %;Verschuldungsgrad von {ratio} % überschreitet die Grenze von {limit} %;un rapporto debito/patrimonio del {ratio}% supera il limite del {limit}%;una deuda/patrimonio del {ratio} % supera el límite del {limit} %
391;free cash flow negative for 3 consecutive years;Veto reason (lowercase, joined with other reasons);uvalu/components.py:85;;free cash flow negative for 3 consecutive years;vrije kasstroom 3 jaar op rij negatief;flux de trésorerie disponible négatif 3 années de suite;Free Cashflow 3 Jahre in Folge negativ;flusso di cassa libero negativo per 3 anni consecutivi;flujo de caja libre negativo 3 años seguidos
392;negative free cash flow ({amount});Veto reason (lowercase);uvalu/components.py:87;;negative free cash flow ({amount});negatieve vrije kasstroom ({amount});flux de trésorerie disponible négatif ({amount});negativer Free Cashflow ({amount});flusso di cassa libero negativo ({amount});flujo de caja libre negativo ({amount})
393;dividend flagged at risk with {coverage}× coverage;Veto reason (lowercase);uvalu/components.py:90;;dividend flagged at risk with {coverage}× coverage;dividend gemarkeerd als risico, met {coverage}× dekking;dividende signalé à risque avec une couverture de {coverage}×;Dividende als gefährdet markiert, Deckung {coverage}×;dividendo segnalato a rischio con copertura {coverage}×;dividendo marcado en riesgo con una cobertura de {coverage}×
394;no confirmed trading volume;Veto reason (lowercase);uvalu/components.py:92;;no confirmed trading volume;geen bevestigd handelsvolume;aucun volume d'échanges confirmé;kein bestätigtes Handelsvolumen;nessun volume di scambi confermato;sin volumen de negociación confirmado
395;a hard-veto rule;Fallback veto reason when the exact rule is unknown;uvalu/components.py:93;;a hard-veto rule;een regel voor hard veto;une règle de veto strict;eine harte Veto-Regel;una regola di veto rigido;una regla de veto estricto
396;No entries yet · buys top up automatically;Portfolio › Cash card › shown under the balance when the ledger is empty;uvalu/pages_/cash.py:45;;No entries yet · buys top up automatically;Nog geen boekingen · aankopen vullen automatisch aan;Aucune écriture · les achats sont renfloués automatiquement;Noch keine Buchungen · Käufe werden automatisch aufgestockt;Nessuna registrazione · gli acquisti vengono ricaricati automaticamente;Sin movimientos · las compras se recargan automáticamente
397;Last entry {date} · {type};Portfolio › Cash card › last ledger entry, e.g. 'Last entry 12 Sep 2026 · deposit'. {type} is the lowercase transaction type.;uvalu/pages_/cash.py:46;;Last entry {date} · {type};Laatste boeking {date} · {type};Dernière écriture {date} · {type};Letzte Buchung {date} · {type};Ultima registrazione {date} · {type};Último movimiento {date} · {type}
398;Cash balance;Portfolio › Cash card title and Cash activity KPI card;uvalu/pages_/cash.py:56 uvalu/pages_/cash.py:109;;Cash balance;Cashsaldo;Solde de liquidités;Barmittelsaldo;Saldo di liquidità;Saldo de efectivo
399;{currency} base;Cash card › small badge showing the base currency, e.g. 'EUR base';uvalu/pages_/cash.py:56;;{currency} base;basis {currency};base {currency};Basis {currency};base {currency};base {currency}
400;Deposit;Cash transaction type 'Deposit' (noun): dialog titles, type dropdown, ledger rows;cash.py:51 uvalu/dialogs.py:801 uvalu/pages_/cash.py:74 uvalu/pages_/cash.py:104;;Deposit;Storting;Dépôt;Einzahlung;Deposito;Ingreso
401;Deposit;Cash › button 'Deposit' (verb: put money in). Has message context 'button' because the noun 'Deposit' is translated separately.;uvalu/pages_/cash.py:73 uvalu/pages_/cash.py:104;button;Deposit;Storten;Déposer;Einzahlen;Deposita;Ingresar
402;Withdraw;Cash › button to take money out;uvalu/pages_/cash.py:75;;Withdraw;Opnemen;Retirer;Auszahlen;Preleva;Retirar
403;Withdrawal;Cash transaction type: money taken out;cash.py:51 uvalu/dialogs.py:801 uvalu/pages_/cash.py:76;;Withdrawal;Opname;Retrait;Auszahlung;Prelievo;Retirada
404;Cash activity;Cash activity page › title;uvalu/pages_/cash.py:94;;Cash activity;Cashbewegingen;Mouvements de liquidités;Barmittelbewegungen;Movimenti di liquidità;Movimientos de efectivo
405;Every movement in this portfolio's cash, converted to {currency}. The balance is the running sum of the ledger.;Cash activity › caption under the title;uvalu/pages_/cash.py:96;;Every movement in this portfolio's cash, converted to {currency}. The balance is the running sum of the ledger.;Elke beweging van het cashsaldo van deze portefeuille, omgerekend naar {currency}. Het saldo is de lopende som van het kasboek.;Chaque mouvement des liquidités de ce portefeuille, converti en {currency}. Le solde est la somme cumulée du journal.;Jede Bewegung der Barmittel dieses Portfolios, umgerechnet in {currency}. Der Saldo ist die laufende Summe des Kassenbuchs.;Ogni movimento della liquidità di questo portafoglio, convertito in {currency}. Il saldo è la somma progressiva del registro.;Cada movimiento del efectivo de esta cartera, convertido a {currency}. El saldo es la suma acumulada del libro de caja.
406;Add transaction;Cash activity › button to record a cash transaction;uvalu/pages_/cash.py:102;;Add transaction;Transactie toevoegen;Ajouter une opération;Buchung hinzufügen;Aggiungi movimento;Añadir movimiento
407;{pct}% of total portfolio value;Cash activity › small text on the Cash balance card;uvalu/pages_/cash.py:110;;{pct}% of total portfolio value;{pct}% van de totale waarde;{pct} % de la valeur totale;{pct} % des Gesamtwerts;{pct}% del valore totale;{pct} % del valor total
408;Net deposits;Cash activity › KPI card label;uvalu/pages_/cash.py:112;;Net deposits;Netto-stortingen;Dépôts nets;Nettoeinzahlungen;Depositi netti;Ingresos netos
409;deposits − withdrawals;Cash activity › small text on the Net deposits card;uvalu/pages_/cash.py:112;;deposits − withdrawals;stortingen − opnames;dépôts − retraits;Einzahlungen − Auszahlungen;depositi − prelievi;ingresos − retiradas
410;Trade flow;Cash activity › KPI card label: net cash from trading;uvalu/pages_/cash.py:114;;Trade flow;Transactiestroom;Flux des opérations;Handelsfluss;Flusso delle operazioni;Flujo de operaciones
411;sells − buys, incl. fees;Cash activity › small text on the Trade flow card;uvalu/pages_/cash.py:114;;sells − buys, incl. fees;verkopen − aankopen, incl. kosten;ventes − achats, frais inclus;Verkäufe − Käufe, inkl. Gebühren;vendite − acquisti, commissioni incluse;ventas − compras, incl. comisiones
412;Income;Cash activity › KPI card label;uvalu/pages_/cash.py:116;;Income;Inkomsten;Revenus;Erträge;Proventi;Ingresos
413;net dividends + interest;Cash activity › small text on the Income card;uvalu/pages_/cash.py:116;;net dividends + interest;netto-dividenden + rente;dividendes nets + intérêts;Nettodividenden + Zinsen;dividendi netti + interessi;dividendos netos + intereses
414;Fees & corrections;Cash activity › KPI card label;uvalu/pages_/cash.py:119;;Fees & corrections;Kosten en correcties;Frais et corrections;Gebühren & Korrekturen;Commissioni e rettifiche;Comisiones y correcciones
415;The running balance dips below zero somewhere in this ledger — usually after a dividend was edited or deleted. Record a deposit or an adjustment on that date to correct it.;Cash activity › warning;uvalu/pages_/cash.py:123;;The running balance dips below zero somewhere in this ledger — usually after a dividend was edited or deleted. Record a deposit or an adjustment on that date to correct it.;Het lopende saldo zakt ergens in dit kasboek onder nul, meestal nadat een dividend werd bewerkt of verwijderd. Registreer op die datum een storting of een aanpassing om dat recht te zetten.;Le solde cumulé passe sous zéro quelque part dans ce journal, généralement après la modification ou la suppression d'un dividende. Enregistre un dépôt ou un ajustement à cette date pour corriger.;Der laufende Saldo fällt irgendwo in diesem Kassenbuch unter null – meist nachdem eine Dividende bearbeitet oder gelöscht wurde. Erfasse zu diesem Datum eine Einzahlung oder Anpassung, um das zu korrigieren.;Il saldo progressivo scende sotto zero in un punto del registro, di solito dopo la modifica o l'eliminazione di un dividendo. Registra un deposito o una rettifica in quella data per correggerlo.;El saldo acumulado baja de cero en algún punto de este libro, normalmente después de editar o eliminar un dividendo. Registra un ingreso o un ajuste en esa fecha para corregirlo.
416;No cash entries yet. Record a deposit, or an Adjustment to set an opening balance. Buys never wait for cash: a shortfall is covered by an automatic top-up deposit.;Cash activity › empty state;uvalu/pages_/cash.py:129;;No cash entries yet. Record a deposit, or an Adjustment to set an opening balance. Buys never wait for cash: a shortfall is covered by an automatic top-up deposit.;Nog geen cashboekingen. Registreer een storting, of een Aanpassing om een beginsaldo in te stellen. Aankopen wachten nooit op cash: een tekort wordt gedekt door een automatische aanvullende storting.;Aucune écriture de liquidités. Enregistre un dépôt, ou un Ajustement pour fixer un solde d'ouverture. Les achats n'attendent jamais les liquidités : un manque est couvert par un dépôt de renflouement automatique.;Noch keine Barmittelbuchungen. Erfasse eine Einzahlung oder eine Anpassung, um einen Anfangssaldo festzulegen. Käufe warten nie auf Barmittel: Ein Fehlbetrag wird durch eine automatische Aufstockung gedeckt.;Nessuna registrazione di liquidità. Registra un deposito o una Rettifica per impostare un saldo iniziale. Gli acquisti non aspettano mai la liquidità: un ammanco è coperto da un deposito di ricarica automatico.;Todavía no hay movimientos de efectivo. Registra un ingreso o un Ajuste para fijar un saldo inicial. Las compras nunca esperan al efectivo: cualquier falta se cubre con un ingreso de recarga automático.
417;Filter;Cash activity › label of the transaction-type filter;uvalu/pages_/cash.py:135;;Filter;Filter;Filtre;Filter;Filtro;Filtro
418;{shown} of {total} entries;Cash activity › count above the ledger;uvalu/pages_/cash.py:139;;{shown} of {total} entries;{shown} van {total} boekingen;{shown} écritures sur {total};{shown} von {total} Buchungen;{shown} di {total} registrazioni;{shown} de {total} movimientos
419;No entries of this type.;Cash activity › empty state when the filter matches nothing;uvalu/pages_/cash.py:143;;No entries of this type.;Geen boekingen van dit type.;Aucune écriture de ce type.;Keine Buchungen dieser Art.;Nessuna registrazione di questo tipo.;No hay movimientos de este tipo.
420;Show {more} more · {hidden} not shown;Cash activity › button under the ledger to load more rows;uvalu/pages_/cash.py:157;;Show {more} more · {hidden} not shown;Toon er {more} meer · {hidden} niet getoond;Afficher {more} de plus · {hidden} masquées;{more} weitere anzeigen · {hidden} ausgeblendet;Mostra altre {more} · {hidden} non visualizzate;Mostrar {more} más · {hidden} ocultos
421;"Entries can be made in any currency and are converted to {currency} at the ECB reference rate for the transaction date (frankfurter.dev), stored with the entry. When no rate is available the rate is entered manually and flagged. Buy/sell trades and received dividend payments post automatically; a buy the balance can't cover adds a linked top-up deposit so the balance never goes below zero.";Cash activity › explanatory footnote under the ledger;uvalu/pages_/cash.py:167;;"Entries can be made in any currency and are converted to {currency} at the ECB reference rate for the transaction date (frankfurter.dev), stored with the entry. When no rate is available the rate is entered manually and flagged. Buy/sell trades and received dividend payments post automatically; a buy the balance can't cover adds a linked top-up deposit so the balance never goes below zero.";"Boekingen kunnen in elke munt en worden omgerekend naar {currency} tegen de ECB-referentiekoers van de transactiedatum (frankfurter.dev), die bij de boeking wordt bewaard. Is er geen koers beschikbaar, dan wordt die handmatig ingevoerd en gemarkeerd. Aan- en verkopen en ontvangen dividenden worden automatisch geboekt; een aankoop die het saldo niet kan dekken, voegt een gekoppelde aanvullende storting toe, zodat het saldo nooit onder nul gaat.";"Les écritures peuvent être saisies dans n'importe quelle devise et sont converties en {currency} au taux de référence de la BCE à la date de l'opération (frankfurter.dev), enregistré avec l'écriture. Sans taux disponible, il est saisi manuellement et signalé. Les achats, ventes et dividendes reçus sont comptabilisés automatiquement ; un achat que le solde ne couvre pas ajoute un dépôt de renflouement lié, pour que le solde ne passe jamais sous zéro.";"Buchungen sind in jeder Währung möglich und werden zum EZB-Referenzkurs des Buchungsdatums (frankfurter.dev) in {currency} umgerechnet; der Kurs wird mit der Buchung gespeichert. Gibt es keinen Kurs, wird er manuell eingegeben und markiert. Käufe, Verkäufe und erhaltene Dividenden werden automatisch gebucht; ein Kauf, den der Saldo nicht deckt, fügt eine verknüpfte Aufstockung hinzu, damit der Saldo nie unter null fällt.";"Le registrazioni possono essere in qualsiasi valuta e vengono convertite in {currency} al tasso di riferimento BCE della data dell'operazione (frankfurter.dev), salvato con la registrazione. Se il tasso non è disponibile, si inserisce a mano e viene segnalato. Acquisti, vendite e dividendi ricevuti vengono registrati automaticamente; un acquisto non coperto dal saldo aggiunge un deposito di ricarica collegato, così il saldo non scende mai sotto zero.";"Los movimientos pueden hacerse en cualquier moneda y se convierten a {currency} al tipo de referencia del BCE de la fecha de la operación (frankfurter.dev), que se guarda con el movimiento. Si no hay tipo disponible, se introduce a mano y se marca. Las compras, ventas y dividendos recibidos se registran automáticamente; una compra que el saldo no cubre añade un ingreso de recarga vinculado para que el saldo nunca sea negativo."
422;Date;Cash ledger column header and Cash entry dialog label;uvalu/components.py:1620 uvalu/dialogs.py:1099;;Date;Datum;Date;Datum;Data;Fecha
423;Description;Cash ledger column header;uvalu/components.py:1620;;Description;Omschrijving;Description;Beschreibung;Descrizione;Descripción
424;Original;Cash ledger column header: amount in the original currency;uvalu/components.py:1620 uvalu/dialogs.py:1100;;Original;Origineel;Montant d'origine;Original;Originale;Original
425;FX rate;Cash ledger column header and Cash entry dialog label: exchange rate;uvalu/components.py:1620 uvalu/dialogs.py:1102;;FX rate;Wisselkoers;Taux de change;Wechselkurs;Tasso di cambio;Tipo de cambio
426;Amount · {currency};Cash ledger column header: amount in the base currency, e.g. 'Amount · EUR';uvalu/components.py:1620 uvalu/dialogs.py:1106;;Amount · {currency};Bedrag · {currency};Montant · {currency};Betrag · {currency};Importo · {currency};Importe · {currency}
427;Balance;Cash ledger column header: running balance;uvalu/components.py:1620;;Balance;Saldo;Solde;Saldo;Saldo;Saldo
428;set to {amount};Cash ledger › Original column for an Adjustment: balance set to this amount;uvalu/components.py:1576;;set to {amount};ingesteld op {amount};fixé à {amount};gesetzt auf {amount};impostato a {amount};fijado en {amount}
429;top-up;Cash ledger › marks an automatic top-up deposit (shown as '· top-up' after a reference);uvalu/components.py:1589 uvalu/dialogs.py:1098;;top-up;aanvulling;renflouement;Aufstockung;ricarica;recarga
430;Edit entry;Cash ledger › tooltip on the pencil icon;uvalu/components.py:1644;;Edit entry;Boeking bewerken;Modifier l'écriture;Buchung bearbeiten;Modifica registrazione;Editar movimiento
431;View linked entry;Cash ledger › tooltip on automatic entries (they are edited at their source);uvalu/components.py:1644;;View linked entry;Gekoppelde boeking bekijken;Voir l'écriture liée;Verknüpfte Buchung ansehen;Vedi registrazione collegata;Ver movimiento vinculado
432;View cash activity;Risk page › button to open the Cash activity page;uvalu/pages_/risk.py:162;;View cash activity;Cashbewegingen bekijken;Voir les mouvements de liquidités;Barmittelbewegungen ansehen;Vedi movimenti di liquidità;Ver movimientos de efectivo
433;{count} open position | {count} open positions;Portfolio › small text on the Invested card;uvalu/pages_/portfolio.py:280;;{count} open position | {count} open positions;{count} open positie | {count} open posities;{count} position ouverte | {count} positions ouvertes;{count} offene Position | {count} offene Positionen;{count} posizione aperta | {count} posizioni aperte;{count} posición abierta | {count} posiciones abiertas
434;{count} closed trade | {count} closed trades;Portfolio › small text on the Realised P&L card;uvalu/pages_/portfolio.py:288;;{count} closed trade | {count} closed trades;{count} gesloten transactie | {count} gesloten transacties;{count} opération clôturée | {count} opérations clôturées;{count} geschlossener Trade | {count} geschlossene Trades;{count} operazione chiusa | {count} operazioni chiuse;{count} operación cerrada | {count} operaciones cerradas
435;Imported {count} dividend event from market data. | Imported {count} dividend events from market data.;Portfolio › toast after the automatic dividend import;uvalu/pages_/portfolio.py:554;;Imported {count} dividend event from market data. | Imported {count} dividend events from market data.;{count} dividend geïmporteerd uit marktgegevens. | {count} dividenden geïmporteerd uit marktgegevens.;{count} dividende importé depuis les données de marché. | {count} dividendes importés depuis les données de marché.;{count} Dividende aus Marktdaten importiert. | {count} Dividenden aus Marktdaten importiert.;{count} dividendo importato dai dati di mercato. | {count} dividendi importati dai dati di mercato.;{count} dividendo importado de los datos de mercado. | {count} dividendos importados de los datos de mercado.
436;{count} event | {count} events;Portfolio › dividend KPI and annual summary: number of dividend payments. Combined as '{events} · {holdings}'.;uvalu/pages_/portfolio.py:623 uvalu/pages_/portfolio.py:718;;{count} event | {count} events;{count} uitkering | {count} uitkeringen;{count} versement | {count} versements;{count} Zahlung | {count} Zahlungen;{count} pagamento | {count} pagamenti;{count} pago | {count} pagos
437;{count} holding | {count} holdings;Portfolio › dividend KPI: number of paying holdings;uvalu/pages_/portfolio.py:623;;{count} holding | {count} holdings;{count} positie | {count} posities;{count} position | {count} positions;{count} Position | {count} Positionen;{count} posizione | {count} posizioni;{count} posición | {count} posiciones
438;excl. opening balance · {count} correction | excl. opening balance · {count} corrections;Cash activity › small text on the Fees & corrections card;uvalu/pages_/cash.py:120;;excl. opening balance · {count} correction | excl. opening balance · {count} corrections;excl. beginsaldo · {count} correctie | excl. beginsaldo · {count} correcties;hors solde d'ouverture · {count} correction | hors solde d'ouverture · {count} corrections;ohne Anfangssaldo · {count} Korrektur | ohne Anfangssaldo · {count} Korrekturen;escluso saldo iniziale · {count} rettifica | escluso saldo iniziale · {count} rettifiche;excl. saldo inicial · {count} corrección | excl. saldo inicial · {count} correcciones
439;Technology;Sector name (from market data). Shown in the Sector dropdown, sector filter, allocation chart. Translate at display time.;screener.py:276 uvalu/dialogs.py:35;;Technology;Technologie;Technologie;Technologie;Tecnologia;Tecnología
440;Healthcare;Sector name (from market data);uvalu/dialogs.py:35;;Healthcare;Gezondheidszorg;Santé;Gesundheitswesen;Sanità;Salud
441;Financial Services;Sector name (from market data);risk.py:141 screener.py:249 uvalu/dialogs.py:35;;Financial Services;Financiële diensten;Services financiers;Finanzdienstleistungen;Servizi finanziari;Servicios financieros
442;Consumer Cyclical;Sector name (from market data);risk.py:140 uvalu/dialogs.py:35;;Consumer Cyclical;Cyclische consumptiegoederen;Consommation cyclique;Zyklischer Konsum;Beni di consumo ciclici;Consumo cíclico
443;Consumer Defensive;Sector name (from market data);uvalu/dialogs.py:36;;Consumer Defensive;Defensieve consumptiegoederen;Consommation de base;Basiskonsumgüter;Beni di consumo difensivi;Consumo defensivo
444;Energy;Sector name (from market data);risk.py:140 uvalu/dialogs.py:36;;Energy;Energie;Énergie;Energie;Energia;Energía
445;Industrials;Sector name (from market data);risk.py:141 uvalu/dialogs.py:36;;Industrials;Industrie;Industrie;Industrie;Industria;Industria
446;Utilities;Sector name (from market data);screener.py:249 uvalu/dialogs.py:36;;Utilities;Nutsbedrijven;Services aux collectivités;Versorger;Servizi di pubblica utilità;Servicios públicos
447;Basic Materials;Sector name (from market data);risk.py:140 screener.py:275 uvalu/dialogs.py:36;;Basic Materials;Basismaterialen;Matériaux de base;Grundstoffe;Materiali di base;Materiales básicos
448;Real Estate;Sector name (from market data);risk.py:141 screener.py:249;;Real Estate;Vastgoed;Immobilier;Immobilien;Immobiliare;Inmobiliario
449;Communication Services;Sector name (from market data);screener.py:277;;Communication Services;Communicatiediensten;Services de communication;Kommunikationsdienste;Servizi di comunicazione;Servicios de comunicación
450;Stock;Dividend type: paid in shares;uvalu/dialogs.py:39;;Stock;Aandelen;En actions;Aktien;In azioni;En acciones
451;Special;Dividend type: special / one-off dividend;uvalu/dialogs.py:39;;Special;Uitzonderlijk;Exceptionnel;Sonderdividende;Straordinario;Extraordinario
452;Calculated;Dividend dialog › title of the calculation preview box;uvalu/dialogs.py:82;;Calculated;Berekend;Calculé;Berechnet;Calcolato;Calculado
453;Foreign withholding;Dividend dialog › preview row: foreign withholding tax;uvalu/dialogs.py:82;;Foreign withholding;Buitenlandse bronheffing;Retenue à la source étrangère;Ausländische Quellensteuer;Ritenuta estera;Retención extranjera
454;Belgian RV 30%;Dividend dialog › preview row: 30% Belgian withholding tax (roerende voorheffing / précompte mobilier);uvalu/dialogs.py:83;;Belgian RV 30%;Roerende voorheffing 30%;Précompte mobilier 30 %;Belgischer Mobiliensteuervorabzug 30 %;Ritenuta belga 30%;Retención belga 30 %
455;Net received;Dividend dialog › preview total: net amount received;uvalu/dialogs.py:84;;Net received;Netto ontvangen;Net perçu;Netto erhalten;Netto ricevuto;Neto recibido
456;Viewer role is read-only.;Dialogs › caption for Viewer users (cannot save);uvalu/dialogs.py:135;;Viewer role is read-only.;De rol Lezer is alleen-lezen.;Le rôle Lecteur est en lecture seule.;Die Rolle Betrachter ist schreibgeschützt.;Il ruolo Lettore è di sola lettura.;El rol Lector es de solo lectura.
457;Ticker;Field label and column header: stock ticker symbol (e.g. ABI.BR);uvalu/dialogs.py:150 uvalu/pages_/watchlist.py:83;;Ticker;Ticker;Ticker;Ticker;Ticker;Ticker
458;Ticker *;"Dialog field label; * = required";uvalu/dialogs.py:150;;Ticker *;Ticker *;Ticker *;Ticker *;Ticker *;Ticker *
459;Company name;Dialog field label;uvalu/dialogs.py:159;;Company name;Bedrijfsnaam;Nom de la société;Firmenname;Nome della società;Nombre de la empresa
460;Company name (opt.);"Dialog field label; opt. = optional";uvalu/dialogs.py:159;;Company name (opt.);Bedrijfsnaam (optioneel);Nom de la société (facultatif);Firmenname (optional);Nome della società (facoltativo);Nombre de la empresa (opcional)
461;{question} This can't be undone.;Dialogs › delete confirmation. {question} is the specific question, e.g. 'Delete ABI.BR (100 shares)?';uvalu/dialogs.py:195;;{question} This can't be undone.;{question} Dit kan niet ongedaan worden gemaakt.;{question} Cette action est irréversible.;{question} Das kann nicht rückgängig gemacht werden.;{question} L'operazione non può essere annullata.;{question} Esta acción no se puede deshacer.
462;Keep;Dialogs › delete confirmation: button to cancel the delete;uvalu/dialogs.py:200;;Keep;Behouden;Conserver;Behalten;Mantieni;Conservar
463;Delete permanently;Dialogs › delete confirmation: confirm button;uvalu/dialogs.py:204;;Delete permanently;Definitief verwijderen;Supprimer définitivement;Endgültig löschen;Elimina definitivamente;Eliminar definitivamente
464;Delete;Dialogs › delete button (opens the confirmation);uvalu/dialogs.py:211;;Delete;Verwijderen;Supprimer;Löschen;Elimina;Eliminar
465;Save;Dialogs › default save button;uvalu/dialogs.py:186;;Save;Opslaan;Enregistrer;Speichern;Salva;Guardar
466;Current balance;Trade and cash dialogs › preview row: cash balance before this action;uvalu/dialogs.py:277 uvalu/dialogs.py:985;;Current balance;Huidig saldo;Solde actuel;Aktueller Saldo;Saldo attuale;Saldo actual
467;This buy;Add position dialog › cash preview row: cash effect of this purchase;uvalu/dialogs.py:278;;This buy;Deze aankoop;Cet achat;Dieser Kauf;Questo acquisto;Esta compra
468;This sale;Close position dialog › cash preview row: cash effect of this sale;uvalu/dialogs.py:278;;This sale;Deze verkoop;Cette vente;Dieser Verkauf;Questa vendita;Esta venta
469;Auto top-up from outside cash;Trade dialog › cash preview row: extra deposit added automatically because the balance is too low;uvalu/dialogs.py:280;;Auto top-up from outside cash;Automatische aanvulling met externe cash;Renflouement automatique par des fonds extérieurs;Automatische Aufstockung mit externen Mitteln;Ricarica automatica con liquidità esterna;Recarga automática con efectivo externo
470;Cash · {currency} base;Trade dialog › cash preview box title, e.g. 'Cash · EUR base';uvalu/dialogs.py:281;;Cash · {currency} base;Cash · basis {currency};Liquidités · base {currency};Barmittel · Basis {currency};Liquidità · base {currency};Efectivo · base {currency}
471;Cash after trade;Trade dialog › cash preview total;uvalu/dialogs.py:281;;Cash after trade;Cash na transactie;Liquidités après l'opération;Barmittel nach dem Trade;Liquidità dopo l'operazione;Efectivo tras la operación
472;Enter a total cost or a price per share.;Add position dialog › subtitle;uvalu/dialogs.py:289;;Enter a total cost or a price per share.;Vul een totale kost of een prijs per aandeel in.;Saisis un coût total ou un prix par action.;Gib Gesamtkosten oder einen Preis je Aktie ein.;Inserisci un costo totale o un prezzo per azione.;Introduce un coste total o un precio por acción.
473;Shares *;"Trade dialogs › field label: number of shares; * = required";uvalu/dialogs.py:297 uvalu/dialogs.py:369;;Shares *;Aantal *;Actions *;Stück *;Azioni *;Acciones *
474;Total cost (€);Add position dialog › field label;uvalu/dialogs.py:299;;Total cost (€);Totale kost (€);Coût total (€);Gesamtkosten (€);Costo totale (€);Coste total (€)
475;Total cost (€) *;"Edit position dialog › field label; * = required";uvalu/dialogs.py:372;;Total cost (€) *;Totale kost (€) *;Coût total (€) *;Gesamtkosten (€) *;Costo totale (€) *;Coste total (€) *
476;Price / share (opt.);"Add position dialog › field label; opt. = optional";uvalu/dialogs.py:302;;Price / share (opt.);Prijs / aandeel (optioneel);Prix / action (facultatif);Preis / Aktie (optional);Prezzo / azione (facoltativo);Precio / acción (opcional)
477;Buy date *;"Position dialogs › field label; * = required";uvalu/dialogs.py:310 uvalu/dialogs.py:377;;Buy date *;Aankoopdatum *;Date d'achat *;Kaufdatum *;Data di acquisto *;Fecha de compra *
478;Fees (opt.);"Trade dialogs › field label: broker fees; opt. = optional";uvalu/dialogs.py:313 uvalu/dialogs.py:380 uvalu/dialogs.py:459;;Fees (opt.);Kosten (optioneel);Frais (facultatif);Gebühren (optional);Commissioni (facoltativo);Comisiones (opcional)
479;Enter a ticker symbol.;Error when the ticker field is empty (dialogs, Watchlist);uvalu/dialogs.py:323 uvalu/pages_/watchlist.py:100;;Enter a ticker symbol.;Vul een tickersymbool in.;Saisis un symbole de ticker.;Gib ein Tickersymbol ein.;Inserisci un simbolo ticker.;Introduce un símbolo de ticker.
480;Ticker **{ticker}** not found. Check the symbol and try again.;"Error when the ticker doesn't exist. Keep the ** bold markers. (Watchlist builds this from pieces; merge.)";uvalu/dialogs.py:327 uvalu/dialogs.py:693 uvalu/pages_/watchlist.py:107 uvalu/pages_/watchlist.py:116;;Ticker **{ticker}** not found. Check the symbol and try again.;Ticker **{ticker}** niet gevonden. Controleer het symbool en probeer opnieuw.;Ticker **{ticker}** introuvable. Vérifie le symbole et réessaie.;Ticker **{ticker}** nicht gefunden. Prüfe das Symbol und versuche es erneut.;Ticker **{ticker}** non trovato. Controlla il simbolo e riprova.;No se ha encontrado el ticker **{ticker}**. Comprueba el símbolo y vuelve a intentarlo.
481;Enter shares and either a total cost or a price per share.;Add position dialog › validation error;uvalu/dialogs.py:332;;Enter shares and either a total cost or a price per share.;Vul het aantal aandelen in, en een totale kost of een prijs per aandeel.;Saisis le nombre d'actions et un coût total ou un prix par action.;Gib die Stückzahl und entweder Gesamtkosten oder einen Preis je Aktie ein.;Inserisci il numero di azioni e un costo totale o un prezzo per azione.;Introduce el número de acciones y un coste total o un precio por acción.
482;Update shares, total cost or buy date.;Edit position dialog › subtitle;uvalu/dialogs.py:355;;Update shares, total cost or buy date.;Wijzig het aantal, de totale kost of de aankoopdatum.;Modifie le nombre d'actions, le coût total ou la date d'achat.;Ändere Stückzahl, Gesamtkosten oder Kaufdatum.;Modifica numero di azioni, costo totale o data di acquisto.;Actualiza el número de acciones, el coste total o la fecha de compra.
483;This position no longer exists.;Edit position dialog › error (it was deleted meanwhile);portfolio.py:410 uvalu/dialogs.py:360;;This position no longer exists.;Deze positie bestaat niet meer.;Cette position n'existe plus.;Diese Position existiert nicht mehr.;Questa posizione non esiste più.;Esta posición ya no existe.
484;Fees only affect the linked cash entry.;Edit position dialog › tooltip on the Fees field;uvalu/dialogs.py:382;;Fees only affect the linked cash entry.;Kosten hebben alleen invloed op de gekoppelde cashboeking.;Les frais n'affectent que l'écriture de liquidités liée.;Gebühren wirken sich nur auf die verknüpfte Barmittelbuchung aus.;Le commissioni incidono solo sulla registrazione di liquidità collegata.;Las comisiones solo afectan al movimiento de efectivo vinculado.
485;Also remove its cash entries;Edit dialogs › checkbox when deleting a position or trade;uvalu/dialogs.py:386 uvalu/dialogs.py:755;;Also remove its cash entries;Ook de cashboekingen ervan verwijderen;Supprimer aussi ses écritures de liquidités;Auch die zugehörigen Barmittelbuchungen entfernen;Rimuovi anche le relative registrazioni di liquidità;Eliminar también sus movimientos de efectivo
486;Also update the linked cash entry;Edit dialogs › checkbox when saving changes;uvalu/dialogs.py:391 uvalu/dialogs.py:761;;Also update the linked cash entry;Ook de gekoppelde cashboeking bijwerken;Mettre aussi à jour l'écriture de liquidités liée;Auch die verknüpfte Barmittelbuchung aktualisieren;Aggiorna anche la registrazione di liquidità collegata;Actualizar también el movimiento de efectivo vinculado
487;Re-posts the buy ({trade_id}) at the new cost, fees and date.;Edit position dialog › tooltip on 'Also update the linked cash entry';uvalu/dialogs.py:392;;Re-posts the buy ({trade_id}) at the new cost, fees and date.;Boekt de aankoop ({trade_id}) opnieuw met de nieuwe kost, kosten en datum.;Recomptabilise l'achat ({trade_id}) avec le nouveau coût, les frais et la date.;Bucht den Kauf ({trade_id}) mit neuen Kosten, Gebühren und Datum neu.;Registra di nuovo l'acquisto ({trade_id}) con nuovo costo, commissioni e data.;Vuelve a registrar la compra ({trade_id}) con el nuevo coste, comisiones y fecha.
488;No cash change — the ledger keeps this buy as recorded.;Edit position dialog › caption when the checkbox is off;uvalu/dialogs.py:395;;No cash change — the ledger keeps this buy as recorded.;Geen cashwijziging: het kasboek houdt deze aankoop zoals geregistreerd.;Aucun changement de liquidités : le journal conserve cet achat tel qu'enregistré.;Keine Änderung der Barmittel – das Kassenbuch behält diesen Kauf wie erfasst.;Nessuna variazione di liquidità: il registro mantiene l'acquisto come registrato.;Sin cambios en el efectivo: el libro conserva esta compra tal como se registró.
489;Sell shares…;Edit position dialog › button that opens the Close position dialog;uvalu/dialogs.py:398;;Sell shares…;Aandelen verkopen…;Vendre des actions…;Aktien verkaufen …;Vendi azioni…;Vender acciones…
490;Delete {ticker} ({shares} shares)?;Edit position dialog › delete confirmation question;uvalu/dialogs.py:404;;Delete {ticker} ({shares} shares)?;{ticker} ({shares} aandelen) verwijderen?;Supprimer {ticker} ({shares} actions) ?;{ticker} ({shares} Stück) löschen?;Eliminare {ticker} ({shares} azioni)?;¿Eliminar {ticker} ({shares} acciones)?
491;Buy date is required.;Edit position dialog › validation error;uvalu/dialogs.py:408;;Buy date is required.;Aankoopdatum is verplicht.;La date d'achat est obligatoire.;Das Kaufdatum ist erforderlich.;La data di acquisto è obbligatoria.;La fecha de compra es obligatoria.
492;Close position;Dialog title: sell all or part of a holding;uvalu/dialogs.py:420;;Close position;Positie sluiten;Clôturer la position;Position schließen;Chiudi posizione;Cerrar posición
493;Sell all or part of this position.;Close position dialog › subtitle;uvalu/dialogs.py:424;;Sell all or part of this position.;Verkoop deze positie geheel of gedeeltelijk.;Vends tout ou partie de cette position.;Verkaufe diese Position ganz oder teilweise.;Vendi tutta o parte di questa posizione.;Vende toda o parte de esta posición.
494;Company *;"Close position dialog › dropdown label; * = required";uvalu/dialogs.py:431;;Company *;Bedrijf *;Société *;Unternehmen *;Società *;Empresa *
495;Shares to sell *;Close position dialog › field label;uvalu/dialogs.py:448;;Shares to sell *;Te verkopen aantal *;Actions à vendre *;Zu verkaufende Stück *;Azioni da vendere *;Acciones a vender *
496;Sell price *;Trade dialogs › field label;uvalu/dialogs.py:451 uvalu/dialogs.py:679 uvalu/dialogs.py:748;;Sell price *;Verkoopprijs *;Prix de vente *;Verkaufspreis *;Prezzo di vendita *;Precio de venta *
497;Sell date *;Trade dialogs › field label;uvalu/dialogs.py:456 uvalu/dialogs.py:751;;Sell date *;Verkoopdatum *;Date de vente *;Verkaufsdatum *;Data di vendita *;Fecha de venta *
498;Confirm sale;Close position dialog › save button;uvalu/dialogs.py:463;;Confirm sale;Verkoop bevestigen;Confirmer la vente;Verkauf bestätigen;Conferma vendita;Confirmar venta
499;Enter the shares to sell and a sell price.;Close position dialog › validation error;uvalu/dialogs.py:468;;Enter the shares to sell and a sell price.;Vul het te verkopen aantal en een verkoopprijs in.;Saisis le nombre d'actions à vendre et un prix de vente.;Gib die zu verkaufende Stückzahl und einen Verkaufspreis ein.;Inserisci le azioni da vendere e un prezzo di vendita.;Introduce las acciones a vender y un precio de venta.
500;Ex-dividend date is required.;Dividend dialogs › validation error;uvalu/dialogs.py:478;;Ex-dividend date is required.;Ex-dividenddatum is verplicht.;La date de détachement est obligatoire.;Der Ex-Tag ist erforderlich.;La data di stacco è obbligatoria.;La fecha ex-dividendo es obligatoria.
501;Payment date is required.;Dividend dialogs › validation error;uvalu/dialogs.py:480;;Payment date is required.;Betaaldatum is verplicht.;La date de paiement est obligatoire.;Der Zahltag ist erforderlich.;La data di pagamento è obbligatoria.;La fecha de pago es obligatoria.
502;The ex-dividend date must be on or before the payment date.;Dividend dialogs › validation error;uvalu/dialogs.py:482;;The ex-dividend date must be on or before the payment date.;De ex-dividenddatum moet op of vóór de betaaldatum liggen.;La date de détachement doit être antérieure ou égale à la date de paiement.;Der Ex-Tag muss am oder vor dem Zahltag liegen.;La data di stacco deve essere uguale o precedente alla data di pagamento.;La fecha ex-dividendo debe ser igual o anterior a la fecha de pago.
503;Record a dividend payment for a holding.;Add dividend dialog › subtitle;uvalu/dialogs.py:493;;Record a dividend payment for a holding.;Registreer een dividenduitkering voor een positie.;Enregistre un versement de dividende pour une position.;Erfasse eine Dividendenzahlung für eine Position.;Registra un pagamento di dividendo per una posizione.;Registra un pago de dividendo de una posición.
504;Ex-dividend date *;Dividend dialogs › field label;uvalu/dialogs.py:511 uvalu/dialogs.py:604;;Ex-dividend date *;Ex-dividenddatum *;Date de détachement *;Ex-Tag *;Data di stacco *;Fecha ex-dividendo *
505;Payment date *;Dividend dialogs › field label;uvalu/dialogs.py:514 uvalu/dialogs.py:607;;Payment date *;Betaaldatum *;Date de paiement *;Zahltag *;Data di pagamento *;Fecha de pago *
506;Shares held *;Dividend dialogs › field label;uvalu/dialogs.py:520 uvalu/dialogs.py:613;;Shares held *;Aantal in bezit *;Actions détenues *;Gehaltene Stück *;Azioni detenute *;Acciones en cartera *
507;Per share ({currency}) *;Dividend dialogs › field label: gross dividend per share in the given currency;uvalu/dialogs.py:522 uvalu/dialogs.py:618;;Per share ({currency}) *;Per aandeel ({currency}) *;Par action ({currency}) *;Je Aktie ({currency}) *;Per azione ({currency}) *;Por acción ({currency}) *
508;Foreign WH (%);Dividend dialogs › field label: foreign withholding tax percentage;uvalu/dialogs.py:526 uvalu/dialogs.py:621;;Foreign WH (%);Buitenl. bronheffing (%);RAS étrangère (%);Ausl. Quellensteuer (%);Ritenuta estera (%);Retención extranjera (%)
509;Flagged as special / one-off. Excluded from growth-streak and yield calculations.;Dividend dialogs › caption when type = Special;uvalu/dialogs.py:532;;Flagged as special / one-off. Excluded from growth-streak and yield calculations.;Gemarkeerd als uitzonderlijk / eenmalig. Telt niet mee voor groeireeks en rendement.;Signalé comme exceptionnel / ponctuel. Exclu des calculs de série de hausses et de rendement.;Als Sonder-/Einmaldividende markiert. Nicht in Erhöhungsserie und Rendite eingerechnet.;Segnalato come straordinario / una tantum. Escluso dai calcoli di serie di crescita e rendimento.;Marcado como extraordinario / puntual. Se excluye de la racha de crecimiento y de la rentabilidad.
510;Enter a ticker, shares held and a gross amount per share.;Add dividend dialog › validation error;uvalu/dialogs.py:543;;Enter a ticker, shares held and a gross amount per share.;Vul een ticker, het aantal aandelen en een brutobedrag per aandeel in.;Saisis un ticker, le nombre d'actions détenues et un montant brut par action.;Gib Ticker, gehaltene Stück und einen Bruttobetrag je Aktie ein.;Inserisci ticker, azioni detenute e importo lordo per azione.;Introduce un ticker, las acciones en cartera y un importe bruto por acción.
511;Update this dividend's dates, amounts or type.;Edit dividend dialog › subtitle;uvalu/dialogs.py:580;;Update this dividend's dates, amounts or type.;Wijzig de data, bedragen of het type van dit dividend.;Modifie les dates, les montants ou le type de ce dividende.;Ändere Daten, Beträge oder Art dieser Dividende.;Modifica date, importi o tipo di questo dividendo.;Actualiza las fechas, importes o tipo de este dividendo.
512;This dividend no longer exists.;Edit dividend dialog › error;portfolio.py:497 uvalu/dialogs.py:585;;This dividend no longer exists.;Dit dividend bestaat niet meer.;Ce dividende n'existe plus.;Diese Dividende existiert nicht mehr.;Questo dividendo non esiste più.;Este dividendo ya no existe.
513;Reinvested (DRIP) — the purchased shares were already added to this position and aren't re-applied by editing this record.;Edit dividend dialog › caption for reinvested dividends;uvalu/dialogs.py:589;;Reinvested (DRIP) — the purchased shares were already added to this position and aren't re-applied by editing this record.;Herbelegd (DRIP): de gekochte aandelen zijn al aan deze positie toegevoegd en worden niet opnieuw toegepast als je dit record bewerkt.;Réinvesti (DRIP) : les actions achetées ont déjà été ajoutées à cette position et ne sont pas réappliquées si tu modifies cet enregistrement.;Reinvestiert (DRIP) – die gekauften Aktien wurden dieser Position bereits hinzugefügt und beim Bearbeiten nicht erneut angewendet.;Reinvestito (DRIP): le azioni acquistate sono già state aggiunte a questa posizione e non vengono riapplicate modificando questo record.;Reinvertido (DRIP): las acciones compradas ya se añadieron a esta posición y no se vuelven a aplicar al editar este registro.
514;Delete this {ticker} dividend? It came from market data and won't be imported again.;Edit dividend dialog › delete confirmation for an auto-imported dividend;uvalu/dialogs.py:636;;Delete this {ticker} dividend? It came from market data and won't be imported again.;Dit dividend van {ticker} verwijderen? Het kwam uit marktgegevens en wordt niet opnieuw geïmporteerd.;Supprimer ce dividende de {ticker} ? Il provient des données de marché et ne sera pas réimporté.;Diese Dividende von {ticker} löschen? Sie stammt aus Marktdaten und wird nicht erneut importiert.;Eliminare questo dividendo di {ticker}? Proviene dai dati di mercato e non verrà importato di nuovo.;¿Eliminar este dividendo de {ticker}? Procede de los datos de mercado y no se volverá a importar.
515;Delete this {ticker} dividend?;Edit dividend dialog › delete confirmation;uvalu/dialogs.py:637;;Delete this {ticker} dividend?;Dit dividend van {ticker} verwijderen?;Supprimer ce dividende de {ticker} ?;Diese Dividende von {ticker} löschen?;Eliminare questo dividendo di {ticker}?;¿Eliminar este dividendo de {ticker}?
516;Enter shares held and a gross amount per share.;Edit dividend dialog › validation error;uvalu/dialogs.py:645;;Enter shares held and a gross amount per share.;Vul het aantal aandelen en een brutobedrag per aandeel in.;Saisis le nombre d'actions détenues et un montant brut par action.;Gib gehaltene Stück und einen Bruttobetrag je Aktie ein.;Inserisci azioni detenute e importo lordo per azione.;Introduce las acciones en cartera y un importe bruto por acción.
517;Record a trade opened and closed elsewhere.;Add closed trade dialog › subtitle;uvalu/dialogs.py:665;;Record a trade opened and closed elsewhere.;Registreer een transactie die elders werd geopend en gesloten.;Enregistre une opération ouverte et clôturée ailleurs.;Erfasse einen anderswo eröffneten und geschlossenen Trade.;Registra un'operazione aperta e chiusa altrove.;Registra una operación abierta y cerrada en otro lugar.
518;Sector;"Closed trade dialogs › field label; Screener › filter label";uvalu/dialogs.py:670 uvalu/pages_/screener.py:225;;Sector;Sector;Secteur;Sektor;Settore;Sector
519;Buy price *;Closed trade dialogs › field label;uvalu/dialogs.py:676 uvalu/dialogs.py:745;;Buy price *;Aankoopprijs *;Prix d'achat *;Kaufpreis *;Prezzo di acquisto *;Precio de compra *
520;Closed date *;Add closed trade dialog › field label: date the trade was closed;uvalu/dialogs.py:681;;Closed date *;Sluitingsdatum *;Date de clôture *;Schließungsdatum *;Data di chiusura *;Fecha de cierre *
521;Enter a ticker, shares, and both a buy and sell price.;Add closed trade dialog › validation error;uvalu/dialogs.py:689;;Enter a ticker, shares, and both a buy and sell price.;Vul een ticker, het aantal en zowel een aankoop- als verkoopprijs in.;Saisis un ticker, le nombre d'actions et un prix d'achat et de vente.;Gib Ticker, Stückzahl sowie Kauf- und Verkaufspreis ein.;Inserisci ticker, azioni e prezzi di acquisto e vendita.;Introduce un ticker, las acciones y los precios de compra y de venta.
522;Update shares, prices, sector or sell date.;Edit trade dialog › subtitle;uvalu/dialogs.py:723;;Update shares, prices, sector or sell date.;Wijzig het aantal, de prijzen, de sector of de verkoopdatum.;Modifie le nombre d'actions, les prix, le secteur ou la date de vente.;Ändere Stückzahl, Preise, Sektor oder Verkaufsdatum.;Modifica azioni, prezzi, settore o data di vendita.;Actualiza las acciones, los precios, el sector o la fecha de venta.
523;This trade no longer exists.;Edit trade dialog › error;portfolio.py:454 uvalu/dialogs.py:728;;This trade no longer exists.;Deze transactie bestaat niet meer.;Cette opération n'existe plus.;Dieser Trade existiert nicht mehr.;Questa operazione non esiste più.;Esta operación ya no existe.
524;Re-posts the sale ({trade_id}) at the new proceeds and date.;Edit trade dialog › tooltip on 'Also update the linked cash entry';uvalu/dialogs.py:762;;Re-posts the sale ({trade_id}) at the new proceeds and date.;Boekt de verkoop ({trade_id}) opnieuw met de nieuwe opbrengst en datum.;Recomptabilise la vente ({trade_id}) avec le nouveau produit et la nouvelle date.;Bucht den Verkauf ({trade_id}) mit neuem Erlös und Datum neu.;Registra di nuovo la vendita ({trade_id}) con nuovo ricavo e data.;Vuelve a registrar la venta ({trade_id}) con el nuevo importe y fecha.
525;No cash change — the ledger keeps this trade as recorded.;Edit trade dialog › caption when the checkbox is off;uvalu/dialogs.py:765;;No cash change — the ledger keeps this trade as recorded.;Geen cashwijziging: het kasboek houdt deze transactie zoals geregistreerd.;Aucun changement de liquidités : le journal conserve cette opération telle qu'enregistrée.;Keine Änderung der Barmittel – das Kassenbuch behält diesen Trade wie erfasst.;Nessuna variazione di liquidità: il registro mantiene l'operazione come registrata.;Sin cambios en el efectivo: el libro conserva esta operación tal como se registró.
526;Delete this {ticker} trade?;Edit trade dialog › delete confirmation;uvalu/dialogs.py:768;;Delete this {ticker} trade?;Deze transactie van {ticker} verwijderen?;Supprimer cette opération sur {ticker} ?;Diesen Trade von {ticker} löschen?;Eliminare questa operazione su {ticker}?;¿Eliminar esta operación de {ticker}?
527;Sell date is required.;Edit trade dialog › validation error;uvalu/dialogs.py:772;;Sell date is required.;Verkoopdatum is verplicht.;La date de vente est obligatoire.;Das Verkaufsdatum ist erforderlich.;La data di vendita è obbligatoria.;La fecha de venta es obligatoria.
528;Enter both a buy and a sell price.;Edit trade dialog › validation error;uvalu/dialogs.py:775;;Enter both a buy and a sell price.;Vul zowel een aankoop- als een verkoopprijs in.;Saisis un prix d'achat et un prix de vente.;Gib einen Kauf- und einen Verkaufspreis ein.;Inserisci un prezzo di acquisto e uno di vendita.;Introduce un precio de compra y uno de venta.
529;Fee;Cash transaction type: a fee or cost;cash.py:51 uvalu/dialogs.py:801;;Fee;Kosten;Frais;Gebühr;Commissione;Comisión
530;Interest;Cash transaction type: interest received;cash.py:51 uvalu/dialogs.py:801;;Interest;Rente;Intérêts;Zinsen;Interessi;Intereses
531;Adjustment;Cash transaction type: set or correct the balance;cash.py:51 uvalu/dialogs.py:801 uvalu/dialogs.py:968;;Adjustment;Aanpassing;Ajustement;Anpassung;Rettifica;Ajuste
532;"frankfurter.dev is unreachable or has no rate for this date. Enter the rate manually; the entry will be flagged.";Cash dialog › warning when the exchange-rate service fails;uvalu/dialogs.py:802;;"frankfurter.dev is unreachable or has no rate for this date. Enter the rate manually; the entry will be flagged.";"frankfurter.dev is onbereikbaar of heeft geen koers voor deze datum. Vul de koers handmatig in; de boeking wordt gemarkeerd.";"frankfurter.dev est injoignable ou n'a pas de taux pour cette date. Saisis le taux manuellement ; l'écriture sera signalée.";"frankfurter.dev ist nicht erreichbar oder hat keinen Kurs für dieses Datum. Gib den Kurs manuell ein; die Buchung wird markiert.";"frankfurter.dev non è raggiungibile o non ha un tasso per questa data. Inserisci il tasso a mano; la registrazione sarà segnalata.";"frankfurter.dev no está disponible o no tiene tipo para esta fecha. Introduce el tipo a mano; el movimiento quedará marcado."
533;Rate stored with this entry · ECB {date};Cash dialog › note under the exchange rate when editing an entry;uvalu/dialogs.py:842;;Rate stored with this entry · ECB {date};Koers bewaard bij deze boeking · ECB {date};Taux enregistré avec cette écriture · BCE {date};Mit dieser Buchung gespeicherter Kurs · EZB {date};Tasso salvato con questa registrazione · BCE {date};Tipo guardado con este movimiento · BCE {date}
534;ECB reference rate for {date} · frankfurter.dev;Cash dialog › source of the exchange rate;uvalu/dialogs.py:846;;ECB reference rate for {date} · frankfurter.dev;ECB-referentiekoers voor {date} · frankfurter.dev;Taux de référence BCE du {date} · frankfurter.dev;EZB-Referenzkurs für {date} · frankfurter.dev;Tasso di riferimento BCE del {date} · frankfurter.dev;Tipo de referencia del BCE del {date} · frankfurter.dev
535;Enter manually;Cash dialog › button to type the exchange rate yourself;uvalu/dialogs.py:856;;Enter manually;Handmatig invoeren;Saisir manuellement;Manuell eingeben;Inserisci manualmente;Introducir manualmente
536;Rate;Cash dialog › field label: exchange rate;uvalu/dialogs.py:873;;Rate;Koers;Taux;Kurs;Tasso;Tipo
537;Manual rate · flagged;Cash dialog › note when the exchange rate was typed by hand;uvalu/dialogs.py:877;;Manual rate · flagged;Handmatige koers · gemarkeerd;Taux manuel · signalé;Manueller Kurs · markiert;Tasso manuale · segnalato;Tipo manual · marcado
538;Use ECB rate;Cash dialog › button to go back to the official ECB rate;uvalu/dialogs.py:881;;Use ECB rate;ECB-koers gebruiken;Utiliser le taux BCE;EZB-Kurs verwenden;Usa il tasso BCE;Usar el tipo del BCE
539;Type *;"Cash dialog › transaction type dropdown; * = required";uvalu/dialogs.py:903;;Type *;Type *;Type *;Art *;Tipo *;Tipo *
540;Date *;Cash dialog › field label;uvalu/dialogs.py:917 uvalu/dialogs.py:946;;Date *;Datum *;Date *;Datum *;Data *;Fecha *
541;Amount *;Cash dialog › field label;uvalu/dialogs.py:919;;Amount *;Bedrag *;Montant *;Betrag *;Importo *;Importe *
542;Currency;"Cash dialog › currency dropdown; Risk page › currency exposure label";risk.py:356 uvalu/dialogs.py:927;;Currency;Munt;Devise;Währung;Valuta;Moneda
543;Corrected balance ({currency}) *;Cash dialog (Adjustment) › field label: the balance according to your broker;uvalu/dialogs.py:948;;Corrected balance ({currency}) *;Gecorrigeerd saldo ({currency}) *;Solde corrigé ({currency}) *;Korrigierter Saldo ({currency}) *;Saldo rettificato ({currency}) *;Saldo corregido ({currency}) *
544;Balance per broker;Cash dialog (Adjustment) › placeholder text in the balance field;uvalu/dialogs.py:950;;Balance per broker;Saldo volgens broker;Solde selon le courtier;Saldo laut Broker;Saldo secondo il broker;Saldo según el bróker
545;"Current balance {amount}. Saved as a separate correction entry; earlier entries stay unchanged.";"Cash dialog (Adjustment) › caption. The code switches between 'Current balance' and 'Balance on that date'; see next entry.";uvalu/dialogs.py:953;;"Current balance {amount}. Saved as a separate correction entry; earlier entries stay unchanged.";"Huidig saldo {amount}. Wordt opgeslagen als aparte correctieboeking; eerdere boekingen blijven ongewijzigd.";"Solde actuel {amount}. Enregistré comme écriture de correction distincte ; les écritures précédentes restent inchangées.";"Aktueller Saldo {amount}. Wird als separate Korrekturbuchung gespeichert; frühere Buchungen bleiben unverändert.";"Saldo attuale {amount}. Salvato come registrazione di rettifica separata; le registrazioni precedenti restano invariate.";"Saldo actual {amount}. Se guarda como movimiento de corrección independiente; los movimientos anteriores no cambian."
546;"Balance on that date {amount}. Saved as a separate correction entry; earlier entries stay unchanged.";Cash dialog (Adjustment) › caption variant for a past date;uvalu/dialogs.py:953;;"Balance on that date {amount}. Saved as a separate correction entry; earlier entries stay unchanged.";"Saldo op die datum {amount}. Wordt opgeslagen als aparte correctieboeking; eerdere boekingen blijven ongewijzigd.";"Solde à cette date {amount}. Enregistré comme écriture de correction distincte ; les écritures précédentes restent inchangées.";"Saldo an diesem Datum {amount}. Wird als separate Korrekturbuchung gespeichert; frühere Buchungen bleiben unverändert.";"Saldo a quella data {amount}. Salvato come registrazione di rettifica separata; le registrazioni precedenti restano invariate.";"Saldo en esa fecha {amount}. Se guarda como movimiento de corrección independiente; los movimientos anteriores no cambian."
547;Note (opt.);"Cash dialog › field label; opt. = optional";uvalu/dialogs.py:957;;Note (opt.);Notitie (optioneel);Note (facultatif);Notiz (optional);Nota (facoltativo);Nota (opcional)
548;Reconciled to broker statement;Cash dialog (Adjustment) › example text in the Note field;uvalu/dialogs.py:958;;Reconciled to broker statement;Afgestemd op brokeroverzicht;Rapproché du relevé du courtier;Mit Brokerauszug abgeglichen;Riconciliato con l'estratto del broker;Conciliado con el extracto del bróker
549;e.g. Transfer from savings;Cash dialog › example text in the Note field;uvalu/dialogs.py:958;;e.g. Transfer from savings;bv. Overschrijving van spaarrekening;p. ex. Virement depuis l'épargne;z. B. Überweisung vom Sparkonto;es. Bonifico dal conto deposito;p. ej. Transferencia desde ahorros
550;Change;Cash dialog (edit) › preview row: difference in balance (noun);uvalu/dialogs.py:986;;Change;Wijziging;Modification;Änderung;Variazione;Cambio
551;Correction;Cash dialog (Adjustment) › preview row;uvalu/dialogs.py:988;;Correction;Correctie;Correction;Korrektur;Rettifica;Corrección
552;Amount in {currency};Cash dialog › preview row when the entry is in another currency;uvalu/dialogs.py:988;;Amount in {currency};Bedrag in {currency};Montant en {currency};Betrag in {currency};Importo in {currency};Importe en {currency}
553;Amount;Cash dialog › preview row;uvalu/dialogs.py:988;;Amount;Bedrag;Montant;Betrag;Importo;Importe
554;{amount} · blocked;Cash dialog › balance after, when the entry would make the balance negative;uvalu/dialogs.py:994;;{amount} · blocked;{amount} · geblokkeerd;{amount} · bloqué;{amount} · blockiert;{amount} · bloccato;{amount} · bloqueado
555;Calculated · {currency} base;Cash dialog › preview box title;uvalu/dialogs.py:997;;Calculated · {currency} base;Berekend · basis {currency};Calculé · base {currency};Berechnet · Basis {currency};Calcolato · base {currency};Calculado · base {currency}
556;Balance after;Cash dialog › preview total: balance after this entry;uvalu/dialogs.py:997;;Balance after;Saldo erna;Solde après;Saldo danach;Saldo dopo;Saldo posterior
557;Delete this {type} of {amount}? Balance after: {balance}.;Edit cash dialog › delete confirmation. {type} is the lowercase transaction type (deposit, fee…).;uvalu/dialogs.py:1002;;Delete this {type} of {amount}? Balance after: {balance}.;Deze boeking ({type}) van {amount} verwijderen? Saldo erna: {balance}.;Supprimer cette écriture ({type}) de {amount} ? Solde après : {balance}.;Diese Buchung ({type}) über {amount} löschen? Saldo danach: {balance}.;Eliminare questo movimento ({type}) di {amount}? Saldo dopo: {balance}.;¿Eliminar este movimiento ({type}) de {amount}? Saldo posterior: {balance}.
558;"It is the opening balance; the ledger will start from the next entry.";Edit cash dialog › added to the delete confirmation for the opening balance;uvalu/dialogs.py:1005;;"It is the opening balance; the ledger will start from the next entry.";"Het is het beginsaldo; het kasboek begint dan bij de volgende boeking.";"Il s'agit du solde d'ouverture ; le journal commencera à l'écriture suivante.";"Es ist der Anfangssaldo; das Kassenbuch beginnt dann mit der nächsten Buchung.";"È il saldo iniziale; il registro partirà dalla registrazione successiva.";"Es el saldo inicial; el libro empezará en el siguiente movimiento."
559;This would take the balance below zero, so it will be refused.;Edit cash dialog › added to the delete confirmation;uvalu/dialogs.py:1007;;This would take the balance below zero, so it will be refused.;Hierdoor zou het saldo onder nul gaan, dus dit wordt geweigerd.;Le solde passerait sous zéro : l'opération sera refusée.;Dadurch fiele der Saldo unter null, daher wird das abgelehnt.;Il saldo scenderebbe sotto zero, quindi l'operazione sarà rifiutata.;El saldo quedaría por debajo de cero, así que se rechazará.
560;Enter the corrected balance.;Cash dialog › validation error;cash.py:313 uvalu/dialogs.py:1018;;Enter the corrected balance.;Vul het gecorrigeerde saldo in.;Saisis le solde corrigé.;Gib den korrigierten Saldo ein.;Inserisci il saldo rettificato.;Introduce el saldo corregido.
561;Enter the FX rate to convert {currency} to {base}.;Cash dialog › validation error when the exchange rate is missing;cash.py:262 uvalu/dialogs.py:1025;;Enter the FX rate to convert {currency} to {base}.;Vul de wisselkoers in om {currency} om te rekenen naar {base}.;Saisis le taux de change pour convertir {currency} en {base}.;Gib den Wechselkurs ein, um {currency} in {base} umzurechnen.;Inserisci il tasso di cambio per convertire {currency} in {base}.;Introduce el tipo de cambio para convertir {currency} a {base}.
562;Add cash transaction;Dialog title;uvalu/dialogs.py:1043;;Add cash transaction;Cashtransactie toevoegen;Ajouter une opération de liquidités;Barmittelbuchung hinzufügen;Aggiungi movimento di liquidità;Añadir movimiento de efectivo
563;Trades and dividends post automatically.;Add cash transaction dialog › subtitle;uvalu/dialogs.py:1046;;Trades and dividends post automatically.;Transacties en dividenden worden automatisch geboekt.;Les opérations et les dividendes sont comptabilisés automatiquement.;Trades und Dividenden werden automatisch gebucht.;Operazioni e dividendi vengono registrati automaticamente.;Las operaciones y los dividendos se registran automáticamente.
564;Edit cash transaction;Dialog title;uvalu/dialogs.py:1052;;Edit cash transaction;Cashtransactie bewerken;Modifier l'opération de liquidités;Barmittelbuchung bearbeiten;Modifica movimento di liquidità;Editar movimiento de efectivo
565;"Update this entry; its type stays the same.";Edit cash transaction dialog › subtitle;uvalu/dialogs.py:1057;;"Update this entry; its type stays the same.";"Wijzig deze boeking; het type blijft hetzelfde.";"Modifie cette écriture ; son type reste le même.";"Ändere diese Buchung; die Art bleibt gleich.";"Modifica questa registrazione; il tipo resta invariato.";"Actualiza este movimiento; su tipo no cambia."
566;This entry no longer exists.;Cash dialogs › error (entry deleted meanwhile);cash.py:470 uvalu/dialogs.py:1062;;This entry no longer exists.;Deze boeking bestaat niet meer.;Cette écriture n'existe plus.;Diese Buchung existiert nicht mehr.;Questa registrazione non esiste più.;Este movimiento ya no existe.
567;Automatic entries change with their trade or dividend.;Cash dialogs › error when trying to edit an automatic entry;cash.py:472 uvalu/dialogs.py:1065;;Automatic entries change with their trade or dividend.;Automatische boekingen veranderen mee met hun transactie of dividend.;Les écritures automatiques changent avec leur opération ou leur dividende.;Automatische Buchungen ändern sich mit ihrem Trade oder ihrer Dividende.;Le registrazioni automatiche cambiano con la loro operazione o il loro dividendo.;Los movimientos automáticos cambian con su operación o dividendo.
568;Cash entry;Dialog title: read-only view of an automatic cash entry;uvalu/dialogs.py:1081;;Cash entry;Cashboeking;Écriture de liquidités;Barmittelbuchung;Registrazione di liquidità;Movimiento de efectivo
569;"Posted automatically; edit it at its source.";Cash entry dialog › subtitle;uvalu/dialogs.py:1089;;"Posted automatically; edit it at its source.";"Automatisch geboekt; bewerk het bij de bron.";"Comptabilisée automatiquement ; modifie-la à sa source.";"Automatisch gebucht; bearbeite sie an der Quelle.";"Registrata automaticamente; modificala alla fonte.";"Registrado automáticamente; edítalo en su origen."
570;Open dividend log;Cash entry dialog › button to jump to the source record;uvalu/dialogs.py:1074;;Open dividend log;Dividendlogboek openen;Ouvrir le journal des dividendes;Dividendenprotokoll öffnen;Apri il registro dei dividendi;Abrir el registro de dividendos
571;Open closed positions;Cash entry dialog › button to jump to the source record;uvalu/dialogs.py:1077;;Open closed positions;Gesloten posities openen;Ouvrir les positions clôturées;Geschlossene Positionen öffnen;Apri le posizioni chiuse;Abrir las posiciones cerradas
572;manual;Cash entry dialog › FX rate source: typed by hand;uvalu/components.py:1586 uvalu/dialogs.py:1102;;manual;handmatig;manuel;manuell;manuale;manual
573;ECB;FX rate source: European Central Bank;uvalu/components.py:1586 uvalu/dialogs.py:1102;;ECB;ECB;BCE;EZB;BCE;BCE
574;Linked to;Cash entry dialog › row label: the trade or dividend this entry belongs to;uvalu/dialogs.py:1104;;Linked to;Gekoppeld aan;Liée à;Verknüpft mit;Collegata a;Vinculado a
575;Linked entry;Cash entry dialog › preview box title;uvalu/dialogs.py:1106;;Linked entry;Gekoppelde boeking;Écriture liée;Verknüpfte Buchung;Registrazione collegata;Movimiento vinculado
576;Display preferences and screening thresholds. Changes apply immediately.;Settings › caption under the page title;uvalu/pages_/settings.py:391;;Display preferences and screening thresholds. Changes apply immediately.;Weergavevoorkeuren en screeningdrempels. Wijzigingen worden meteen toegepast.;Préférences d'affichage et seuils de filtrage. Les modifications s'appliquent immédiatement.;Anzeigeeinstellungen und Screening-Schwellen. Änderungen gelten sofort.;Preferenze di visualizzazione e soglie di screening. Le modifiche si applicano subito.;Preferencias de visualización y umbrales de filtrado. Los cambios se aplican al instante.
577;Security;Settings › section heading;uvalu/pages_/settings.py:396;;Security;Beveiliging;Sécurité;Sicherheit;Sicurezza;Seguridad
578;Last changed {date}.;Settings › Security › Password row description;uvalu/pages_/settings.py:402;;Last changed {date}.;Laatst gewijzigd op {date}.;Dernière modification le {date}.;Zuletzt geändert am {date}.;Ultima modifica il {date}.;Último cambio: {date}.
579;No password change on record.;Settings › Security › Password row description;uvalu/pages_/settings.py:403;;No password change on record.;Geen wachtwoordwijziging geregistreerd.;Aucun changement de mot de passe enregistré.;Keine Passwortänderung erfasst.;Nessuna modifica della password registrata.;No consta ningún cambio de contraseña.
580;NOT SET;Settings › Security › badge when the account has no password (SSO only);uvalu/pages_/settings.py:406;;NOT SET;NIET INGESTELD;NON DÉFINI;NICHT FESTGELEGT;NON IMPOSTATA;NO DEFINIDA
581;Add one so you can sign in when your provider is unavailable.;Settings › Security › Password row description when no password is set;uvalu/pages_/settings.py:409;;Add one so you can sign in when your provider is unavailable.;Voeg er een toe, zodat je je kunt aanmelden als je provider niet beschikbaar is.;Ajoutes-en un pour pouvoir te connecter si ton fournisseur est indisponible.;Füge eines hinzu, damit du dich anmelden kannst, wenn dein Anbieter nicht verfügbar ist.;Aggiungine una per poter accedere quando il tuo provider non è disponibile.;Añade una para poder iniciar sesión cuando tu proveedor no esté disponible.
582;Change;Settings › Security › button to change the password (verb). Context 'button' separates it from the noun 'Change'.;uvalu/pages_/settings.py:412;button;Change;Wijzigen;Modifier;Ändern;Modifica;Cambiar
583;Change password;Settings › dialog title and save button;uvalu/pages_/settings.py:210 uvalu/pages_/settings.py:224;;Change password;Wachtwoord wijzigen;Modifier le mot de passe;Passwort ändern;Modifica password;Cambiar contraseña
584;Current password;Settings › Change password › field label;uvalu/pages_/settings.py:213;;Current password;Huidig wachtwoord;Mot de passe actuel;Aktuelles Passwort;Password attuale;Contraseña actual
585;Other devices stay signed in — use “Sign out everywhere else” below if you want to end those sessions too.;Settings › Change password dialog › caption. The quoted button name must match its translation.;uvalu/pages_/settings.py:233;;Other devices stay signed in — use “Sign out everywhere else” below if you want to end those sessions too.;Andere apparaten blijven aangemeld. Gebruik hieronder ‘Overal elders afmelden’ als je ook die sessies wilt beëindigen.;Les autres appareils restent connectés : utilise « Se déconnecter partout ailleurs » ci-dessous pour mettre fin à ces sessions.;Andere Geräte bleiben angemeldet – nutze unten „Überall sonst abmelden“, wenn du auch diese Sitzungen beenden willst.;Gli altri dispositivi restano connessi: usa «Esci da tutti gli altri dispositivi» qui sotto per chiudere anche quelle sessioni.;Los demás dispositivos siguen con la sesión iniciada: usa «Cerrar sesión en los demás dispositivos» más abajo si también quieres cerrarlas.
586;Set a password;Settings › dialog title (account without a password);uvalu/pages_/settings.py:239 uvalu/pages_/settings.py:415;;Set a password;Een wachtwoord instellen;Définir un mot de passe;Passwort festlegen;Imposta una password;Establecer una contraseña
587;Add a password so you can sign in when your provider is unavailable.;Settings › Set a password dialog › caption;uvalu/pages_/settings.py:244;;Add a password so you can sign in when your provider is unavailable.;Voeg een wachtwoord toe, zodat je je kunt aanmelden als je provider niet beschikbaar is.;Ajoute un mot de passe pour pouvoir te connecter si ton fournisseur est indisponible.;Füge ein Passwort hinzu, damit du dich anmelden kannst, wenn dein Anbieter nicht verfügbar ist.;Aggiungi una password per poter accedere quando il tuo provider non è disponibile.;Añade una contraseña para poder iniciar sesión cuando tu proveedor no esté disponible.
588;Set password;Settings › Set a password dialog › save button;uvalu/pages_/settings.py:256;;Set password;Wachtwoord instellen;Définir le mot de passe;Passwort festlegen;Imposta password;Establecer contraseña
589;Set up two-factor authentication;Settings › 2FA setup dialog title;uvalu/pages_/settings.py:276;;Set up two-factor authentication;Tweestapsverificatie instellen;Configurer l'authentification à deux facteurs;Zwei-Faktor-Authentifizierung einrichten;Configura l'autenticazione a due fattori;Configurar la autenticación en dos pasos
590;Could not start enrollment. Try again.;Settings › 2FA setup › error;uvalu/pages_/settings.py:285;;Could not start enrollment. Try again.;Kon de instelling niet starten. Probeer opnieuw.;Impossible de lancer la configuration. Réessaie.;Einrichtung konnte nicht gestartet werden. Versuche es erneut.;Impossibile avviare la configurazione. Riprova.;No se ha podido iniciar la configuración. Vuelve a intentarlo.
591;Step 1 of 2 — scan this QR code with your authenticator app (Google Authenticator, 1Password, Authy, etc.).;Settings › 2FA setup › step 1 instruction;uvalu/pages_/settings.py:289;;Step 1 of 2 — scan this QR code with your authenticator app (Google Authenticator, 1Password, Authy, etc.).;Stap 1 van 2: scan deze QR-code met je authenticator-app (Google Authenticator, 1Password, Authy enz.).;Étape 1 sur 2 : scanne ce code QR avec ton application d'authentification (Google Authenticator, 1Password, Authy, etc.).;Schritt 1 von 2 – scanne diesen QR-Code mit deiner Authenticator-App (Google Authenticator, 1Password, Authy usw.).;Passaggio 1 di 2: scansiona questo codice QR con la tua app di autenticazione (Google Authenticator, 1Password, Authy ecc.).;Paso 1 de 2: escanea este código QR con tu aplicación de autenticación (Google Authenticator, 1Password, Authy, etc.).
592;Can't scan it? Enter this key manually:;Settings › 2FA setup › shown above the secret key;uvalu/pages_/settings.py:292;;Can't scan it? Enter this key manually:;Lukt scannen niet? Voer deze sleutel handmatig in:;Impossible de le scanner ? Saisis cette clé manuellement :;Scannen klappt nicht? Gib diesen Schlüssel manuell ein:;Non riesci a scansionarlo? Inserisci questa chiave manualmente:;¿No puedes escanearlo? Introduce esta clave manualmente:
593;Step 2 of 2 — enter the 6-digit code your app is showing.;Settings › 2FA setup › step 2 instruction;uvalu/pages_/settings.py:295;;Step 2 of 2 — enter the 6-digit code your app is showing.;Stap 2 van 2: voer de 6-cijferige code in die je app toont.;Étape 2 sur 2 : saisis le code à 6 chiffres affiché par ton application.;Schritt 2 von 2 – gib den 6-stelligen Code aus deiner App ein.;Passaggio 2 di 2: inserisci il codice a 6 cifre mostrato dall'app.;Paso 2 de 2: introduce el código de 6 dígitos que muestra tu aplicación.
594;Confirm and enable;Settings › 2FA setup › save button;uvalu/pages_/settings.py:305;;Confirm and enable;Bevestigen en inschakelen;Confirmer et activer;Bestätigen und aktivieren;Conferma e attiva;Confirmar y activar
595;Save your backup codes;Settings › dialog title after enabling 2FA;uvalu/pages_/settings.py:319;;Save your backup codes;Bewaar je back-upcodes;Enregistre tes codes de secours;Speichere deine Backup-Codes;Salva i tuoi codici di backup;Guarda tus códigos de respaldo
596;Save these somewhere safe. Each code can be used once if you lose access to your authenticator app. They won't be shown again.;Settings › backup codes dialog › warning;uvalu/pages_/settings.py:324;;Save these somewhere safe. Each code can be used once if you lose access to your authenticator app. They won't be shown again.;Bewaar deze op een veilige plek. Elke code kan één keer worden gebruikt als je geen toegang meer hebt tot je authenticator-app. Ze worden niet opnieuw getoond.;Conserve-les en lieu sûr. Chaque code peut être utilisé une fois si tu perds l'accès à ton application d'authentification. Ils ne seront plus affichés.;Bewahre sie sicher auf. Jeder Code kann einmal verwendet werden, falls du keinen Zugriff mehr auf deine Authenticator-App hast. Sie werden nicht erneut angezeigt.;Conservali in un posto sicuro. Ogni codice può essere usato una volta se perdi l'accesso all'app di autenticazione. Non verranno più mostrati.;Guárdalos en un lugar seguro. Cada código se puede usar una vez si pierdes el acceso a tu aplicación de autenticación. No se volverán a mostrar.
597;I have saved these codes.;Settings › backup codes dialog › confirmation checkbox;uvalu/pages_/settings.py:327;;I have saved these codes.;Ik heb deze codes bewaard.;J'ai enregistré ces codes.;Ich habe diese Codes gespeichert.;Ho salvato questi codici.;He guardado estos códigos.
598;Done;Settings › backup codes dialog › close button;uvalu/pages_/settings.py:328;;Done;Klaar;Terminé;Fertig;Fatto;Hecho
599;Regenerate backup codes;Settings › dialog title;uvalu/pages_/settings.py:335;;Regenerate backup codes;Back-upcodes opnieuw genereren;Régénérer les codes de secours;Backup-Codes neu erzeugen;Rigenera i codici di backup;Regenerar códigos de respaldo
600;This invalidates every existing backup code — only the new ones will work.;Settings › Regenerate backup codes dialog › warning;uvalu/pages_/settings.py:337;;This invalidates every existing backup code — only the new ones will work.;"Hierdoor worden alle bestaande back-upcodes ongeldig; alleen de nieuwe werken nog.";Tous les codes de secours existants seront invalidés : seuls les nouveaux fonctionneront.;Dadurch werden alle bestehenden Backup-Codes ungültig – nur die neuen funktionieren.;Tutti i codici di backup esistenti non saranno più validi: funzioneranno solo quelli nuovi.;Todos los códigos de respaldo actuales dejarán de ser válidos: solo funcionarán los nuevos.
601;Regenerate;Settings › button to create new backup codes;uvalu/pages_/settings.py:344 uvalu/pages_/settings.py:491;;Regenerate;Opnieuw genereren;Régénérer;Neu erzeugen;Rigenera;Regenerar
602;Linked accounts;Settings › Security › row title for single sign-on providers;uvalu/pages_/settings.py:426;;Linked accounts;Gekoppelde accounts;Comptes associés;Verknüpfte Konten;Account collegati;Cuentas vinculadas
603;One row per configured provider.;Settings › Security › Linked accounts description;uvalu/pages_/settings.py:426;;One row per configured provider.;Eén rij per ingestelde provider.;Une ligne par fournisseur configuré.;Eine Zeile pro eingerichtetem Anbieter.;Una riga per ogni provider configurato.;Una fila por proveedor configurado.
604;{email} · linked {date};Settings › Linked accounts › provider row detail;uvalu/pages_/settings.py:434;;{email} · linked {date};{email} · gekoppeld op {date};{email} · associé le {date};{email} · verknüpft am {date};{email} · collegato il {date};{email} · vinculada el {date}
605;Available for this workspace.;Settings › Linked accounts › provider row detail when not linked yet;uvalu/pages_/settings.py:440;;Available for this workspace.;Beschikbaar voor deze werkruimte.;Disponible pour cet espace.;Für diesen Arbeitsbereich verfügbar.;Disponibile per questo spazio di lavoro.;Disponible para este espacio de trabajo.
606;Not configured for this workspace.;Settings › Linked accounts › provider row detail;uvalu/pages_/settings.py:442;;Not configured for this workspace.;Niet ingesteld voor deze werkruimte.;Non configuré pour cet espace.;Für diesen Arbeitsbereich nicht eingerichtet.;Non configurato per questo spazio di lavoro.;No configurado para este espacio de trabajo.
607;Disconnect;Settings › Linked accounts › button;uvalu/pages_/settings.py:445;;Disconnect;Ontkoppelen;Dissocier;Trennen;Scollega;Desvincular
608;Connect;Settings › Linked accounts › button;uvalu/pages_/settings.py:451;;Connect;Koppelen;Associer;Verbinden;Collega;Vincular
609;Unavailable;Settings › Linked accounts › status when the provider isn't configured;uvalu/pages_/settings.py:454;;Unavailable;Niet beschikbaar;Indisponible;Nicht verfügbar;Non disponibile;No disponible
610;Two-factor authentication;Settings › Security › row title;uvalu/pages_/settings.py:467 uvalu/pages_/settings.py:475;;Two-factor authentication;Tweestapsverificatie;Authentification à deux facteurs;Zwei-Faktor-Authentifizierung;Autenticazione a due fattori;Autenticación en dos pasos
611;Require a code from an authenticator app in addition to your password.;Settings › Security › 2FA row description;uvalu/pages_/settings.py:468;;Require a code from an authenticator app in addition to your password.;Vraag naast je wachtwoord een code uit een authenticator-app.;Exiger un code d'une application d'authentification en plus du mot de passe.;Zusätzlich zum Passwort einen Code aus einer Authenticator-App verlangen.;Richiedi un codice da un'app di autenticazione oltre alla password.;Pedir un código de una aplicación de autenticación además de la contraseña.
612;Managed by your identity provider.;Settings › Security › 2FA row description for SSO-only accounts;uvalu/pages_/settings.py:469;;Managed by your identity provider.;Beheerd door je identiteitsprovider.;Géré par ton fournisseur d'identité.;Wird von deinem Identitätsanbieter verwaltet.;Gestito dal tuo provider di identità.;Gestionado por tu proveedor de identidad.
613;Not applicable;Settings › Security › 2FA status for SSO-only accounts;uvalu/pages_/settings.py:472;;Not applicable;Niet van toepassing;Non applicable;Nicht zutreffend;Non applicabile;No aplicable
614;Backup codes;Settings › Security › row title;uvalu/pages_/settings.py:488;;Backup codes;Back-upcodes;Codes de secours;Backup-Codes;Codici di backup;Códigos de respaldo
615;Trusted devices;Settings › Security › row title: devices that skip the 2FA code;uvalu/pages_/settings.py:498;;Trusted devices;Vertrouwde apparaten;Appareils de confiance;Vertrauenswürdige Geräte;Dispositivi attendibili;Dispositivos de confianza
616;Revoke all;Settings › Security › Trusted devices button;uvalu/pages_/settings.py:501;;Revoke all;Alles intrekken;Tout révoquer;Alle widerrufen;Revoca tutti;Revocar todos
617;Passkeys;Settings › Security › row title;uvalu/pages_/settings.py:514;;Passkeys;Passkeys;Clés d'accès;Passkeys;Passkey;Llaves de acceso
618;PHASE 3;Settings › Security › badge: feature planned for phase 3;uvalu/pages_/settings.py:514;;PHASE 3;FASE 3;PHASE 3;PHASE 3;FASE 3;FASE 3
619;Sign in with Face ID, Touch ID or a security key.;Settings › Security › Passkeys row description;uvalu/pages_/settings.py:517;;Sign in with Face ID, Touch ID or a security key.;Meld je aan met Face ID, Touch ID of een beveiligingssleutel.;Connecte-toi avec Face ID, Touch ID ou une clé de sécurité.;Melde dich mit Face ID, Touch ID oder einem Sicherheitsschlüssel an.;Accedi con Face ID, Touch ID o una chiave di sicurezza.;Inicia sesión con Face ID, Touch ID o una llave de seguridad.
620;Manage;Settings › Security › Passkeys button;uvalu/pages_/settings.py:519;;Manage;Beheren;Gérer;Verwalten;Gestisci;Gestionar
621;Not built yet — feature-flagged off until Phase 3.;Settings › Security › tooltip on the disabled Passkeys button;uvalu/pages_/settings.py:520;;Not built yet — feature-flagged off until Phase 3.;Nog niet gebouwd: uitgeschakeld tot fase 3.;Pas encore disponible : désactivé jusqu'à la phase 3.;Noch nicht umgesetzt – bis Phase 3 deaktiviert.;Non ancora disponibile: disattivato fino alla fase 3.;Todavía no está disponible: desactivado hasta la fase 3.
622;Active sessions;Settings › section heading;uvalu/pages_/settings.py:524;;Active sessions;Actieve sessies;Sessions actives;Aktive Sitzungen;Sessioni attive;Sesiones activas
623;{device} · signed in {date};Settings › Active sessions › row detail, e.g. 'Chrome on Windows · signed in 12 Sep 2026';uvalu/pages_/settings.py:532;;{device} · signed in {date};{device} · aangemeld op {date};{device} · connecté le {date};{device} · angemeldet am {date};{device} · accesso il {date};{device} · sesión iniciada el {date}
624;{browser} on {os};Settings › Active sessions › device name, e.g. 'Firefox on macOS';uvalu/pages_/settings.py:196;;{browser} on {os};{browser} op {os};{browser} sur {os};{browser} unter {os};{browser} su {os};{browser} en {os}
625;a browser;Settings › Active sessions › fallback browser name in '{browser} on {os}';uvalu/pages_/settings.py:195;;a browser;een browser;un navigateur;ein Browser;un browser;un navegador
626;Unknown device;Settings › Active sessions › fallback device name;uvalu/pages_/settings.py:182;;Unknown device;Onbekend apparaat;Appareil inconnu;Unbekanntes Gerät;Dispositivo sconosciuto;Dispositivo desconocido
627;unknown date;Settings › fallback when a date is missing;uvalu/pages_/settings.py:156 uvalu/pages_/settings.py:160;;unknown date;onbekende datum;date inconnue;unbekanntes Datum;data sconosciuta;fecha desconocida
628;This browser;Settings › Active sessions › row title for the current session;uvalu/pages_/settings.py:533;;This browser;Deze browser;Ce navigateur;Dieser Browser;Questo browser;Este navegador
629;Current;Settings › Active sessions › badge on the current session;uvalu/pages_/settings.py:536;;Current;Huidig;Actuelle;Aktuell;Corrente;Actual
630;Sign out everywhere else;Settings › Active sessions › button to end all other sessions;uvalu/pages_/settings.py:544;;Sign out everywhere else;Overal elders afmelden;Se déconnecter partout ailleurs;Überall sonst abmelden;Esci da tutti gli altri dispositivi;Cerrar sesión en los demás dispositivos
631;Display;Settings › section heading;uvalu/pages_/settings.py:551;;Display;Weergave;Affichage;Anzeige;Visualizzazione;Visualización
632;Theme;Settings › Display › row title;uvalu/pages_/settings.py:555;;Theme;Thema;Thème;Design;Tema;Tema
633;Deep-navy dark or surface-white light.;Settings › Display › Theme row description;uvalu/pages_/settings.py:556;;Deep-navy dark or surface-white light.;Donker marineblauw of helder wit.;Bleu marine sombre ou blanc lumineux.;Dunkles Marineblau oder helles Weiß.;Blu notte scuro o bianco chiaro.;Azul marino oscuro o blanco claro.
634;Display currency;Settings › Display › row title;uvalu/pages_/settings.py:560;;Display currency;Weergavevaluta;Devise d'affichage;Anzeigewährung;Valuta di visualizzazione;Moneda de visualización
635;Reporting currency for values and P&L.;Settings › Display › Display currency row description;uvalu/pages_/settings.py:561;;Reporting currency for values and P&L.;Munt voor waarden en W/V.;Devise de référence pour les valeurs et les P/V.;Berichtswährung für Werte und G/V.;Valuta per valori e P/L.;Moneda para valores y G/P.
636;Number format;Settings › Display › row title;uvalu/pages_/settings.py:563;;Number format;Getalnotatie;Format des nombres;Zahlenformat;Formato numerico;Formato de números
637;Decimal and thousands separators.;Settings › Display › Number format row description;uvalu/pages_/settings.py:564;;Decimal and thousands separators.;Scheidingstekens voor decimalen en duizendtallen.;Séparateurs décimaux et de milliers.;Dezimal- und Tausendertrennzeichen.;Separatori dei decimali e delle migliaia.;Separadores decimales y de miles.
638;Screening & veto rules;Settings › section heading;uvalu/pages_/settings.py:577;;Screening & veto rules;Screening- en vetoregels;Règles de filtrage et de veto;Screening- & Veto-Regeln;Regole di screening e veto;Reglas de filtrado y veto
639;These drive every BUY/MONITOR/AVOID decision across the app — Screener, Watchlist, Dashboard, Portfolio and Analysis all read the same values.;Settings › Screening & veto rules › description. Page names must match the translated navigation.;uvalu/pages_/settings.py:578;;These drive every BUY/MONITOR/AVOID decision across the app — Screener, Watchlist, Dashboard, Portfolio and Analysis all read the same values.;Deze bepalen elke BUY/MONITOR/AVOID-beslissing in de app: Screener, Volglijst, Dashboard, Portefeuille en Analyse gebruiken allemaal dezelfde waarden.;Elles déterminent chaque décision BUY/MONITOR/AVOID de l'application : Screener, Liste de suivi, Tableau de bord, Portefeuille et Analyse utilisent les mêmes valeurs.;Sie steuern jede BUY/MONITOR/AVOID-Entscheidung in der App – Screener, Watchlist, Dashboard, Portfolio und Analyse nutzen dieselben Werte.;Determinano ogni decisione BUY/MONITOR/AVOID nell'app: Screener, Watchlist, Dashboard, Portafoglio e Analisi usano gli stessi valori.;Determinan cada decisión BUY/MONITOR/AVOID de la aplicación: Screener, Lista de seguimiento, Panel, Cartera y Análisis usan los mismos valores.
640;Admin-only — sign in as an Admin to change these.;Settings › Screening & veto rules › note for non-admins;uvalu/pages_/settings.py:580;;Admin-only — sign in as an Admin to change these.;Alleen voor beheerders: meld je aan als beheerder om dit te wijzigen.;Réservé aux administrateurs : connecte-toi en tant qu'administrateur pour les modifier.;Nur für Admins – melde dich als Admin an, um das zu ändern.;Solo per amministratori: accedi come amministratore per modificarle.;Solo para administradores: inicia sesión como administrador para cambiarlas.
641;Max debt / equity;Settings › slider label: maximum debt-to-equity before a hard veto;uvalu/pages_/settings.py:586;;Max debt / equity;Max. schuld / eigen vermogen;Dette / capitaux propres max.;Max. Verschuldungsgrad;Debito / patrimonio max;Deuda / patrimonio máx.
642;Hard veto above this leverage (Financials, Real Estate, Utilities exempt).;Settings › slider description. Sector names must match their translations.;uvalu/pages_/settings.py:588;;Hard veto above this leverage (Financials, Real Estate, Utilities exempt).;Hard veto boven deze schuldgraad (Financiële diensten, Vastgoed en Nutsbedrijven vrijgesteld).;Veto strict au-delà de ce levier (services financiers, immobilier et services aux collectivités exemptés).;Hartes Veto oberhalb dieses Verschuldungsgrads (Finanzdienstleistungen, Immobilien und Versorger ausgenommen).;Veto rigido oltre questa leva (esenti servizi finanziari, immobiliare e servizi di pubblica utilità).;Veto estricto por encima de este apalancamiento (exentos servicios financieros, inmobiliario y servicios públicos).
643;Max dividend payout;Settings › slider label;uvalu/pages_/settings.py:592;;Max dividend payout;Max. uitkeringsratio;Taux de distribution max.;Max. Ausschüttungsquote;Payout max del dividendo;Ratio de reparto máx.
644;Flag dividends above this payout.;Settings › slider description;uvalu/pages_/settings.py:594;;Flag dividends above this payout.;Markeer dividenden boven deze uitkeringsratio.;Signaler les dividendes au-delà de ce taux de distribution.;Dividenden oberhalb dieser Quote markieren.;Segnala i dividendi oltre questo payout.;Marcar los dividendos por encima de este ratio.
645;Target margin of safety;Settings › slider label;uvalu/pages_/settings.py:599;;Target margin of safety;Beoogde veiligheidsmarge;Marge de sécurité visée;Ziel-Sicherheitsmarge;Margine di sicurezza obiettivo;Margen de seguridad objetivo
646;Discount to fair value required for a BUY.;Settings › slider description;uvalu/pages_/settings.py:601;;Discount to fair value required for a BUY.;Vereiste korting op de intrinsieke waarde voor een BUY.;Décote par rapport à la juste valeur exigée pour un BUY.;Für ein BUY erforderlicher Abschlag auf den fairen Wert.;Sconto sul valore equo richiesto per un BUY.;Descuento sobre el valor razonable necesario para un BUY.
647;BUY score threshold;Settings › slider label;uvalu/pages_/settings.py:604;;BUY score threshold;BUY-scoredrempel;Seuil de score BUY;BUY-Score-Schwelle;Soglia di punteggio BUY;Umbral de puntuación de BUY
648;Composite score required for a BUY signal.;Settings › slider description;uvalu/pages_/settings.py:606;;Composite score required for a BUY signal.;Vereiste totaalscore voor een BUY-signaal.;Score composite exigé pour un signal BUY.;Für ein BUY-Signal erforderlicher Gesamtscore.;Punteggio composito richiesto per un segnale BUY.;Puntuación compuesta necesaria para una señal de BUY.
649;Screening style;Settings › row title;uvalu/pages_/settings.py:611;;Screening style;Screeningstijl;Style de filtrage;Screening-Stil;Stile di screening;Estilo de filtrado
650;Which signals lead the composite score — Value tilts to margin of safety & quality, Growth to momentum, Income to dividends.;Settings › Screening style description. Style names must match the options below.;uvalu/pages_/settings.py:612;;Which signals lead the composite score — Value tilts to margin of safety & quality, Growth to momentum, Income to dividends.;Welke signalen de totaalscore sturen: Waarde legt de nadruk op veiligheidsmarge en kwaliteit, Groei op momentum, Inkomen op dividenden.;Quels signaux pèsent le plus dans le score composite : Valeur privilégie la marge de sécurité et la qualité, Croissance le momentum, Revenu les dividendes.;Welche Signale den Gesamtscore prägen – Value setzt auf Sicherheitsmarge & Qualität, Wachstum auf Momentum, Einkommen auf Dividenden.;Quali segnali guidano il punteggio composito: Valore privilegia margine di sicurezza e qualità, Crescita il momentum, Reddito i dividendi.;Qué señales pesan más en la puntuación compuesta: Valor prima el margen de seguridad y la calidad, Crecimiento el momento, Rentas los dividendos.
651;Balanced;Settings › Screening style option (message context 'style');settings.py:86;style;Balanced;Evenwichtig;Équilibré;Ausgewogen;Bilanciato;Equilibrado
652;Value;Settings › Screening style option (message context 'style') (value investing). Also the Dashboard holdings column 'Value' (market value).;settings.py:87;style;Value;Waarde;Valeur;Value;Valore;Valor
653;Growth;Settings › Screening style option (message context 'style');settings.py:88;style;Growth;Groei;Croissance;Wachstum;Crescita;Crecimiento
654;Income;"Settings › Screening style option (message context 'style'); also the Cash activity 'Income' card";settings.py:89;style;Income;Inkomen;Revenu;Einkommen;Reddito;Rentas
655;Benchmark — Euro Stoxx 50;Settings › toggle title;uvalu/pages_/settings.py:616;;Benchmark — Euro Stoxx 50;Benchmark: Euro Stoxx 50;Indice de référence : Euro Stoxx 50;Benchmark – Euro Stoxx 50;Benchmark: Euro Stoxx 50;Índice de referencia: Euro Stoxx 50
656;Overlay on the portfolio value chart.;Settings › benchmark toggle description;uvalu/pages_/settings.py:617;;Overlay on the portfolio value chart.;Toon over de grafiek met de waarde van de portefeuille.;Superposé au graphique de valeur du portefeuille.;Im Portfoliowert-Diagramm einblenden.;Sovrapposto al grafico del valore del portafoglio.;Superpuesto al gráfico de valor de la cartera.
657;Include US-listed names;Settings › toggle title;uvalu/pages_/settings.py:619;;Include US-listed names;Amerikaanse aandelen opnemen;Inclure les titres cotés aux États-Unis;US-gelistete Titel einbeziehen;Includi titoli quotati negli USA;Incluir valores cotizados en EE. UU.
658;Extend the screener beyond European exchanges.;Settings › toggle description;uvalu/pages_/settings.py:620;;Extend the screener beyond European exchanges.;Breid de screener uit tot buiten de Europese beurzen.;Étendre le screener au-delà des bourses européennes.;Den Screener über europäische Börsen hinaus erweitern.;Estendi lo screener oltre le borse europee.;Ampliar el screener más allá de las bolsas europeas.
659;Target allocation;Settings › section heading;uvalu/pages_/settings.py:656;;Target allocation;Doelverdeling;Allocation cible;Zielallokation;Allocazione obiettivo;Distribución objetivo
660;Your personal reference weights. When any are set, the Risk page's rebalancing signals switch from absolute thresholds to drift-vs-target.;Settings › Target allocation description;uvalu/pages_/settings.py:657;;Your personal reference weights. When any are set, the Risk page's rebalancing signals switch from absolute thresholds to drift-vs-target.;Je persoonlijke referentiegewichten. Zodra er één is ingesteld, schakelen de herbalanceringssignalen op de Risico-pagina over van absolute drempels naar afwijking t.o.v. het doel.;Tes pondérations de référence personnelles. Dès qu'une est définie, les signaux de rééquilibrage de la page Risque passent de seuils absolus à l'écart par rapport à la cible.;Deine persönlichen Referenzgewichte. Sobald eines gesetzt ist, wechseln die Rebalancing-Signale der Risiko-Seite von absoluten Schwellen zur Abweichung vom Ziel.;I tuoi pesi di riferimento personali. Quando ne imposti uno, i segnali di ribilanciamento della pagina Rischio passano da soglie assolute allo scostamento dall'obiettivo.;Tus pesos de referencia personales. En cuanto defines alguno, las señales de reequilibrio de la página Riesgo pasan de umbrales absolutos a la desviación respecto al objetivo.
661;Sector targets;Settings › Target allocation › row title and field label;uvalu/pages_/settings.py:663 uvalu/pages_/settings.py:666;;Sector targets;Sectordoelen;Cibles par secteur;Sektorziele;Obiettivi per settore;Objetivos por sector
662;"Blank = no sector targets; the 30% guideline applies instead.";Settings › Sector targets description;uvalu/pages_/settings.py:664;;"Blank = no sector targets; the 30% guideline applies instead.";"Leeg = geen sectordoelen; dan geldt de richtlijn van 30%.";"Vide = aucune cible par secteur ; la règle des 30 % s'applique.";"Leer = keine Sektorziele; dann gilt die 30-%-Richtlinie.";"Vuoto = nessun obiettivo per settore; si applica la regola del 30%.";"Vacío = sin objetivos por sector; se aplica la pauta del 30 %."
663;"One per line — sector and target %:
Technology 25
Healthcare 15";Settings › Sector targets › example text inside the empty box. Sector names in the example should be the translated ones.;uvalu/pages_/settings.py:668;;"One per line — sector and target %:
Technology 25
Healthcare 15";"Eén per regel: sector en doel %:
Technologie 25
Gezondheidszorg 15";"Un par ligne : secteur et cible en % :
Technologie 25
Santé 15";"Eine pro Zeile – Sektor und Ziel in %:
Technologie 25
Gesundheitswesen 15";"Uno per riga: settore e obiettivo %:
Tecnologia 25
Sanità 15";"Uno por línea: sector y objetivo %:
Tecnología 25
Salud 15"
664;Per-name targets;Settings › Target allocation › row title and field label;uvalu/pages_/settings.py:671 uvalu/pages_/settings.py:674;;Per-name targets;Doelen per aandeel;Cibles par titre;Ziele je Titel;Obiettivi per titolo;Objetivos por valor
665;"Blank = no per-name targets; only the 20% hard cap applies.";Settings › Per-name targets description;uvalu/pages_/settings.py:672;;"Blank = no per-name targets; only the 20% hard cap applies.";"Leeg = geen doelen per aandeel; alleen het harde maximum van 20% geldt.";"Vide = aucune cible par titre ; seul le plafond strict de 20 % s'applique.";"Leer = keine Ziele je Titel; nur die harte Obergrenze von 20 % gilt.";"Vuoto = nessun obiettivo per titolo; si applica solo il limite rigido del 20%.";"Vacío = sin objetivos por valor; solo se aplica el límite estricto del 20 %."
666;"One per line — ticker and target %:
AAA.BR 10
BBB.PA 7.5";Settings › Per-name targets › example text inside the empty box. Use the local decimal separator in 7.5.;uvalu/pages_/settings.py:676;;"One per line — ticker and target %:
AAA.BR 10
BBB.PA 7.5";"Eén per regel: ticker en doel %:
AAA.BR 10
BBB.PA 7,5";"Un par ligne : ticker et cible en % :
AAA.BR 10
BBB.PA 7,5";"Eine pro Zeile – Ticker und Ziel in %:
AAA.BR 10
BBB.PA 7,5";"Uno per riga: ticker e obiettivo %:
AAA.BR 10
BBB.PA 7,5";"Uno por línea: ticker y objetivo %:
AAA.BR 10
BBB.PA 7,5"
667;Concentration ceiling (HHI);Settings › Target allocation › row title and field label;uvalu/pages_/settings.py:680 uvalu/pages_/settings.py:683;;Concentration ceiling (HHI);Concentratieplafond (HHI);Plafond de concentration (HHI);Konzentrationsobergrenze (HHI);Tetto di concentrazione (HHI);Límite de concentración (HHI)
668;Flag when portfolio HHI exceeds this. 0 = use the default 0.10 / 0.18 bands.;Settings › HHI description. Use the local decimal separator.;uvalu/pages_/settings.py:681;;Flag when portfolio HHI exceeds this. 0 = use the default 0.10 / 0.18 bands.;Markeer wanneer de HHI van de portefeuille dit overschrijdt. 0 = standaardbanden 0,10 / 0,18.;Signaler quand le HHI du portefeuille dépasse cette valeur. 0 = seuils par défaut 0,10 / 0,18.;Markieren, wenn der HHI des Portfolios diesen Wert übersteigt. 0 = Standardbänder 0,10 / 0,18.;Segnala quando l'HHI del portafoglio supera questo valore. 0 = fasce predefinite 0,10 / 0,18.;Marcar cuando el HHI de la cartera supere este valor. 0 = bandas predeterminadas 0,10 / 0,18.
669;Save target allocation;Settings › Target allocation › save button;uvalu/pages_/settings.py:688;;Save target allocation;Doelverdeling opslaan;Enregistrer l'allocation cible;Zielallokation speichern;Salva allocazione obiettivo;Guardar distribución objetivo
670;Target allocation saved.;Settings › toast after saving;uvalu/pages_/settings.py:700;;Target allocation saved.;Doelverdeling opgeslagen.;Allocation cible enregistrée.;Zielallokation gespeichert.;Allocazione obiettivo salvata.;Distribución objetivo guardada.
671;Data;Settings › section heading;uvalu/pages_/settings.py:705;;Data;Gegevens;Données;Daten;Dati;Datos
672;Price refresh interval;Settings › Data › row title;uvalu/pages_/settings.py:719;;Price refresh interval;Vernieuwingsinterval koersen;Intervalle d'actualisation des cours;Kursaktualisierungsintervall;Intervallo di aggiornamento dei prezzi;Intervalo de actualización de precios
673;How often quotes update during market hours.;Settings › Data › refresh interval description;uvalu/pages_/settings.py:720;;How often quotes update during market hours.;Hoe vaak de koersen tijdens de beursuren worden bijgewerkt.;Fréquence de mise à jour des cours pendant les heures de marché.;Wie oft die Kurse während der Handelszeiten aktualisiert werden.;Ogni quanto si aggiornano le quotazioni durante l'orario di mercato.;Con qué frecuencia se actualizan las cotizaciones durante el horario de mercado.
674;Ex-dividend alerts;Settings › Data › toggle title;uvalu/pages_/settings.py:738;;Ex-dividend alerts;Meldingen ex-dividend;Alertes de détachement;Ex-Tag-Hinweise;Avvisi di stacco;Alertas de ex-dividendo
675;Flag holdings going ex-dividend within 7 days on the Dashboard.;Settings › Data › toggle description;uvalu/pages_/settings.py:739;;Flag holdings going ex-dividend within 7 days on the Dashboard.;Markeer op het dashboard posities die binnen 7 dagen ex-dividend gaan.;Signaler sur le tableau de bord les positions dont le détachement a lieu dans les 7 jours.;Positionen mit Ex-Tag innerhalb von 7 Tagen im Dashboard markieren.;Segnala nella dashboard le posizioni con stacco entro 7 giorni.;Marcar en el panel las posiciones con fecha ex-dividendo en los próximos 7 días.
676;Only above this position weight;Settings › Data › slider label under Ex-dividend alerts;uvalu/pages_/settings.py:749;;Only above this position weight;Alleen boven dit positiegewicht;Uniquement au-delà de ce poids de position;Nur ab diesem Positionsgewicht;Solo sopra questo peso della posizione;Solo por encima de este peso de posición
677;any size;Settings › Data › slider value when set to 0%;uvalu/pages_/settings.py:750;;any size;elke grootte;toute taille;jede Größe;qualsiasi dimensione;cualquier tamaño
678;"0% flags every held ex-date; raise it to only badge your larger positions.";Settings › Data › slider description;uvalu/pages_/settings.py:751;;"0% flags every held ex-date; raise it to only badge your larger positions.";"Bij 0% wordt elke ex-datum van je posities gemarkeerd; verhoog het om alleen je grotere posities te markeren.";"À 0 %, chaque date de détachement est signalée ; augmente-le pour ne signaler que tes plus grosses positions.";"Bei 0 % wird jeder Ex-Tag markiert; erhöhe den Wert, um nur größere Positionen zu kennzeichnen.";"Con 0% viene segnalata ogni data di stacco; aumentalo per segnalare solo le posizioni più grandi.";"Con 0 % se marca cada fecha ex-dividendo; súbelo para marcar solo tus posiciones más grandes."
679;Dividend cut / suspension alerts;Settings › Data › toggle title;uvalu/pages_/settings.py:762;;Dividend cut / suspension alerts;Meldingen dividendverlaging / -stopzetting;Alertes de baisse / suspension du dividende;Hinweise bei Dividendenkürzung / -aussetzung;Avvisi di taglio / sospensione del dividendo;Alertas de recorte / suspensión del dividendo
680;Flag a holding on the Dashboard when its dividend was just cut or suspended.;Settings › Data › toggle description;uvalu/pages_/settings.py:763;;Flag a holding on the Dashboard when its dividend was just cut or suspended.;Markeer een positie op het dashboard als het dividend net werd verlaagd of stopgezet.;Signaler une position sur le tableau de bord quand son dividende vient d'être réduit ou suspendu.;Eine Position im Dashboard markieren, wenn ihre Dividende gerade gekürzt oder ausgesetzt wurde.;Segnala una posizione nella dashboard quando il suo dividendo è appena stato tagliato o sospeso.;Marcar una posición en el panel cuando su dividendo se acaba de recortar o suspender.
681;Dividend increase alerts;Settings › Data › toggle title;uvalu/pages_/settings.py:771;;Dividend increase alerts;Meldingen dividendverhoging;Alertes de hausse du dividende;Hinweise bei Dividendenerhöhung;Avvisi di aumento del dividendo;Alertas de aumento del dividendo
682;Flag a holding on the Dashboard when its dividend was just raised.;Settings › Data › toggle description;uvalu/pages_/settings.py:772;;Flag a holding on the Dashboard when its dividend was just raised.;Markeer een positie op het dashboard als het dividend net werd verhoogd.;Signaler une position sur le tableau de bord quand son dividende vient d'être augmenté.;Eine Position im Dashboard markieren, wenn ihre Dividende gerade erhöht wurde.;Segnala una posizione nella dashboard quando il suo dividendo è appena stato aumentato.;Marcar una posición en el panel cuando su dividendo se acaba de aumentar.
683;Dividend withholding;Settings › section heading;uvalu/pages_/settings.py:781;;Dividend withholding;Bronheffing op dividenden;Retenue à la source sur les dividendes;Quellensteuer auf Dividenden;Ritenuta sui dividendi;Retención sobre dividendos
684;Default withholding tax % applied when you record a dividend on each exchange — always editable per record. Depends on your own tax residency and treaty, which this app has no way to know, so every rate starts at 0% until you set it.;Settings › Dividend withholding description;uvalu/pages_/settings.py:782;;Default withholding tax % applied when you record a dividend on each exchange — always editable per record. Depends on your own tax residency and treaty, which this app has no way to know, so every rate starts at 0% until you set it.;"Standaardpercentage bronheffing dat wordt toegepast wanneer je een dividend per beurs registreert; per record altijd aan te passen. Het hangt af van je eigen fiscale woonplaats en belastingverdrag, die de app niet kan kennen, dus elk tarief begint op 0% tot je het instelt.";Taux de retenue à la source par défaut appliqué quand tu enregistres un dividende sur chaque bourse, toujours modifiable par enregistrement. Il dépend de ta résidence fiscale et de la convention applicable, que l'application ne peut pas connaître : chaque taux commence donc à 0 % jusqu'à ce que tu le définisses.;"Standard-Quellensteuersatz, der beim Erfassen einer Dividende je Börse angewendet wird – pro Eintrag jederzeit änderbar. Er hängt von deinem Steuerwohnsitz und dem Doppelbesteuerungsabkommen ab, die die App nicht kennen kann; daher beginnt jeder Satz bei 0 %, bis du ihn festlegst.";Percentuale di ritenuta predefinita applicata quando registri un dividendo su ciascuna borsa, sempre modificabile per singolo record. Dipende dalla tua residenza fiscale e dalla convenzione applicabile, che l'app non può conoscere, quindi ogni aliquota parte da 0% finché non la imposti.;"Porcentaje de retención predeterminado que se aplica al registrar un dividendo en cada bolsa; siempre se puede cambiar en cada registro. Depende de tu residencia fiscal y del convenio aplicable, que la aplicación no puede conocer, así que cada tipo empieza en 0 % hasta que lo definas."
685;Import & export;Settings › section heading;uvalu/pages_/settings.py:804;;Import & export;Importeren en exporteren;Import et export;Import & Export;Importazione ed esportazione;Importar y exportar
686;Upload an Excel file to import positions, sold history and dividends. This replaces all existing portfolio data for this account.;Settings › Import portfolio description;uvalu/pages_/settings.py:811;;Upload an Excel file to import positions, sold history and dividends. This replaces all existing portfolio data for this account.;Upload een Excel-bestand om posities, verkoophistoriek en dividenden te importeren. Dit vervangt alle bestaande portefeuillegegevens van dit account.;Importe un fichier Excel pour charger positions, historique des ventes et dividendes. Cela remplace toutes les données de portefeuille existantes de ce compte.;Lade eine Excel-Datei hoch, um Positionen, Verkaufshistorie und Dividenden zu importieren. Dies ersetzt alle bestehenden Portfoliodaten dieses Kontos.;Carica un file Excel per importare posizioni, storico delle vendite e dividendi. Sostituisce tutti i dati di portafoglio esistenti di questo account.;Sube un archivo de Excel para importar posiciones, historial de ventas y dividendos. Sustituye todos los datos de cartera existentes de esta cuenta.
687;Choose your portfolio .xlsx file;Settings › file upload label;uvalu/pages_/settings.py:813;;Choose your portfolio .xlsx file;Kies je .xlsx-portefeuillebestand;Choisis ton fichier de portefeuille .xlsx;Wähle deine Portfolio-Datei (.xlsx);Scegli il file .xlsx del portafoglio;Elige tu archivo de cartera .xlsx
688;Parsing Excel…;Settings › loading message during import;uvalu/pages_/settings.py:816;;Parsing Excel…;Excel wordt verwerkt…;Lecture du fichier Excel…;Excel wird gelesen …;Lettura del file Excel…;Procesando el Excel…
689;No open EBR:/AMS:/EPA:/BIT:/ETR:/SWX: positions found. Check that your file matches the expected format.;Settings › import error. Keep the exchange codes as they are.;uvalu/pages_/settings.py:820;;No open EBR:/AMS:/EPA:/BIT:/ETR:/SWX: positions found. Check that your file matches the expected format.;Geen open EBR:/AMS:/EPA:/BIT:/ETR:/SWX:-posities gevonden. Controleer of je bestand het verwachte formaat heeft.;Aucune position ouverte EBR:/AMS:/EPA:/BIT:/ETR:/SWX: trouvée. Vérifie que ton fichier respecte le format attendu.;Keine offenen EBR:/AMS:/EPA:/BIT:/ETR:/SWX:-Positionen gefunden. Prüfe, ob deine Datei dem erwarteten Format entspricht.;Nessuna posizione aperta EBR:/AMS:/EPA:/BIT:/ETR:/SWX: trovata. Verifica che il file rispetti il formato previsto.;No se han encontrado posiciones abiertas EBR:/AMS:/EPA:/BIT:/ETR:/SWX:. Comprueba que el archivo tenga el formato esperado.
690;Imported {open} open, {sold} sold, {dividends} dividend records.;Settings › success message after import;uvalu/pages_/settings.py:829;;Imported {open} open, {sold} sold, {dividends} dividend records.;Geïmporteerd: {open} open, {sold} verkocht, {dividends} dividendrecords.;Importé : {open} ouvertes, {sold} vendues, {dividends} dividendes.;Importiert: {open} offen, {sold} verkauft, {dividends} Dividendeneinträge.;Importati: {open} aperte, {sold} vendute, {dividends} dividendi.;Importados: {open} abiertas, {sold} vendidas, {dividends} registros de dividendos.
691;Could not parse file: {error};"Settings › import error; {error} is a technical message (stays English)";uvalu/pages_/settings.py:832;;Could not parse file: {error};Kon het bestand niet verwerken: {error};Impossible de lire le fichier : {error};Datei konnte nicht gelesen werden: {error};Impossibile leggere il file: {error};No se ha podido procesar el archivo: {error}
692;Excel export;Settings › row title;uvalu/pages_/settings.py:837;;Excel export;Excel-export;Export Excel;Excel-Export;Esportazione Excel;Exportación a Excel
693;Human-readable workbook with positions, dividends, sold history and watchlist. Useful for inspection or migration.;Settings › Excel export description;uvalu/pages_/settings.py:838;;Human-readable workbook with positions, dividends, sold history and watchlist. Useful for inspection or migration.;Leesbare werkmap met posities, dividenden, verkoophistoriek en volglijst. Handig om na te kijken of te migreren.;Classeur lisible avec positions, dividendes, historique des ventes et liste de suivi. Utile pour vérifier ou migrer.;Gut lesbare Arbeitsmappe mit Positionen, Dividenden, Verkaufshistorie und Watchlist. Praktisch zur Kontrolle oder Migration.;Cartella di lavoro leggibile con posizioni, dividendi, storico delle vendite e watchlist. Utile per controlli o migrazioni.;Libro legible con posiciones, dividendos, historial de ventas y lista de seguimiento. Útil para revisar o migrar.
694;Download backup.xlsx;Settings › download button (keep the file name);uvalu/pages_/settings.py:843;;Download backup.xlsx;backup.xlsx downloaden;Télécharger backup.xlsx;backup.xlsx herunterladen;Scarica backup.xlsx;Descargar backup.xlsx
695;Your portfolio is empty. Add positions in the Portfolio section first, then come back to export.;Settings › export notice;uvalu/pages_/settings.py:849;;Your portfolio is empty. Add positions in the Portfolio section first, then come back to export.;Je portefeuille is leeg. Voeg eerst posities toe in Portefeuille en kom dan terug om te exporteren.;Ton portefeuille est vide. Ajoute d'abord des positions dans Portefeuille, puis reviens exporter.;Dein Portfolio ist leer. Füge zuerst Positionen unter Portfolio hinzu und exportiere dann.;Il tuo portafoglio è vuoto. Aggiungi prima delle posizioni in Portafoglio, poi torna qui per esportare.;Tu cartera está vacía. Añade primero posiciones en Cartera y vuelve después para exportar.
696;Could not create Excel: {error};"Settings › export error; {error} is technical (stays English)";uvalu/pages_/settings.py:851;;Could not create Excel: {error};Kon het Excel-bestand niet aanmaken: {error};Impossible de créer le fichier Excel : {error};Excel-Datei konnte nicht erstellt werden: {error};Impossibile creare il file Excel: {error};No se ha podido crear el Excel: {error}
697;Admin;User role name (shown after your email in Settings and in invites);auth.py:56 uvalu/pages_/settings.py:863;;Admin;Beheerder;Administrateur;Admin;Amministratore;Administrador
698;Analyst;User role name: can edit their own portfolio;auth.py:56;;Analyst;Analist;Analyste;Analyst;Analista;Analista
699;Viewer;User role name: read-only;auth.py:56;;Viewer;Lezer;Lecteur;Betrachter;Lettore;Lector
700;Track tickers you don't hold yet. Add from the screener with the star, or type a symbol directly below.;Watchlist › caption under the title;uvalu/pages_/watchlist.py:51;;Track tickers you don't hold yet. Add from the screener with the star, or type a symbol directly below.;Volg tickers die je nog niet bezit. Voeg ze toe vanuit de screener met de ster, of typ hieronder rechtstreeks een symbool.;Suis des tickers que tu ne détiens pas encore. Ajoute-les depuis le screener avec l'étoile, ou saisis directement un symbole ci-dessous.;Verfolge Ticker, die du noch nicht besitzt. Füge sie im Screener mit dem Stern hinzu oder gib unten direkt ein Symbol ein.;Segui i ticker che non possiedi ancora. Aggiungili dallo screener con la stella o digita un simbolo qui sotto.;Sigue tickers que aún no tienes. Añádelos desde el screener con la estrella o escribe un símbolo aquí abajo.
701;Company name (optional);Watchlist › field label;uvalu/pages_/watchlist.py:87 uvalu/pages_/watchlist.py:90;;Company name (optional);Bedrijfsnaam (optioneel);Nom de la société (facultatif);Firmenname (optional);Nome della società (facoltativo);Nombre de la empresa (opcional)
702;Add ticker;Watchlist › submit button;uvalu/pages_/watchlist.py:93;;Add ticker;Ticker toevoegen;Ajouter le ticker;Ticker hinzufügen;Aggiungi ticker;Añadir ticker
703;Your watchlist is empty. Star a ticker in the screener or add one above.;Watchlist › empty state;uvalu/pages_/watchlist.py:124;;Your watchlist is empty. Star a ticker in the screener or add one above.;Je volglijst is leeg. Geef een ticker een ster in de screener of voeg er hierboven een toe.;Ta liste de suivi est vide. Mets une étoile à un ticker dans le screener ou ajoutes-en un ci-dessus.;Deine Watchlist ist leer. Markiere einen Ticker im Screener mit einem Stern oder füge oben einen hinzu.;La tua watchlist è vuota. Metti una stella a un ticker nello screener o aggiungine uno qui sopra.;Tu lista de seguimiento está vacía. Marca un ticker con la estrella en el screener o añade uno arriba.
704;Remove from watchlist;Screener/Watchlist › tooltip on the filled star;uvalu/pages_/screener.py:346 uvalu/pages_/watchlist.py:167;;Remove from watchlist;Van volglijst verwijderen;Retirer de la liste de suivi;Von der Watchlist entfernen;Rimuovi dalla watchlist;Quitar de la lista de seguimiento
705;Add to watchlist;Screener › tooltip on the empty star;uvalu/pages_/screener.py:346;;Add to watchlist;Aan volglijst toevoegen;Ajouter à la liste de suivi;Zur Watchlist hinzufügen;Aggiungi alla watchlist;Añadir a la lista de seguimiento
706;Value screener;Screener › page heading;uvalu/pages_/screener.py:170 uvalu/pages_/screener.py:282;;Value screener;Waardescreener;Screener de valeur;Value-Screener;Screener di valore;Screener de valor
707;Loading the screening universe — results appear as soon as the background fetch returns.;Screener › loading caption before any counts are known;uvalu/pages_/screener.py:176;;Loading the screening universe — results appear as soon as the background fetch returns.;"Het screeningsuniversum wordt geladen; de resultaten verschijnen zodra het ophalen op de achtergrond klaar is.";Chargement de l'univers de filtrage : les résultats s'affichent dès que la récupération en arrière-plan aboutit.;Das Screening-Universum wird geladen – die Ergebnisse erscheinen, sobald der Abruf im Hintergrund fertig ist.;Caricamento dell'universo di screening: i risultati compaiono appena termina il recupero in background.;Cargando el universo de filtrado: los resultados aparecerán en cuanto termine la descarga en segundo plano.
708;Loading the screening universe… {done}/{total} companies scored — results appear here as they land.;Screener › loading caption with progress;uvalu/pages_/screener.py:173;;Loading the screening universe… {done}/{total} companies scored — results appear here as they land.;"Het screeningsuniversum wordt geladen… {done}/{total} bedrijven gescoord; de resultaten verschijnen hier zodra ze binnenkomen.";Chargement de l'univers de filtrage… {done}/{total} sociétés notées : les résultats s'affichent ici au fur et à mesure.;Das Screening-Universum wird geladen … {done}/{total} Unternehmen bewertet – die Ergebnisse erscheinen hier nach und nach.;Caricamento dell'universo di screening… {done}/{total} società valutate: i risultati compaiono qui man mano che arrivano.;"Cargando el universo de filtrado… {done}/{total} empresas valoradas; los resultados aparecen aquí a medida que llegan."
709;Search;Screener › filter label;uvalu/pages_/screener.py:217;;Search;Zoeken;Rechercher;Suchen;Cerca;Buscar
710;Ticker or company…;Screener › search field placeholder;uvalu/pages_/screener.py:218;;Ticker or company…;Ticker of bedrijf…;Ticker ou société…;Ticker oder Unternehmen …;Ticker o società…;Ticker o empresa…
711;All sectors;Screener › first option of the Sector filter;uvalu/pages_/screener.py:226;;All sectors;Alle sectoren;Tous les secteurs;Alle Sektoren;Tutti i settori;Todos los sectores
712;Market;Screener › filter label (stock exchange);uvalu/pages_/screener.py:229;;Market;Markt;Marché;Markt;Mercato;Mercado
713;All markets;Screener › first option of the Market filter;uvalu/pages_/screener.py:230;;All markets;Alle markten;Tous les marchés;Alle Märkte;Tutti i mercati;Todos los mercados
714;Min score;Screener › slider label: minimum composite score;uvalu/pages_/screener.py:237;;Min score;Min. score;Score min.;Mindestscore;Punteggio min.;Puntuación mín.
715;Min margin of safety;Screener › slider label;uvalu/pages_/screener.py:244;;Min margin of safety;Min. veiligheidsmarge;Marge de sécurité min.;Mindest-Sicherheitsmarge;Margine di sicurezza min.;Margen de seguridad mín.
716;**{shown}** of {total} European stocks pass your filters · ranked by composite signal score.;Screener › result count above the table. Keep the ** bold markers.;uvalu/pages_/screener.py:284;;**{shown}** of {total} European stocks pass your filters · ranked by composite signal score.;**{shown}** van {total} Europese aandelen voldoen aan je filters · gerangschikt op totale signaalscore.;**{shown}** actions européennes sur {total} passent tes filtres · classées par score de signal composite.;**{shown}** von {total} europäischen Aktien erfüllen deine Filter · sortiert nach Gesamt-Signal-Score.;**{shown}** titoli europei su {total} superano i tuoi filtri · ordinati per punteggio di segnale composito.;**{shown}** de {total} acciones europeas cumplen tus filtros · ordenadas por puntuación de señal compuesta.
717;"Small universe ({count} stocks) — composite scores are percentile ranks within it, so ""Strong Buy"" carries less weight here.";Screener › warning when few stocks are loaded. 'Strong Buy' is a signal name and stays in English.;uvalu/pages_/screener.py:287;;"Small universe ({count} stocks) — composite scores are percentile ranks within it, so ""Strong Buy"" carries less weight here.";"Klein universum ({count} aandelen): totaalscores zijn percentielrangen daarbinnen, dus ""Strong Buy"" weegt hier minder zwaar.";Petit univers ({count} actions) : les scores composites sont des rangs centiles au sein de celui-ci, « Strong Buy » a donc moins de poids ici.;Kleines Universum ({count} Aktien) – Gesamtscores sind Perzentilränge darin, daher hat „Strong Buy“ hier weniger Gewicht.;"Universo ridotto ({count} titoli): i punteggi compositi sono ranghi percentili al suo interno, quindi ""Strong Buy"" pesa meno qui.";"Universo pequeño ({count} acciones): las puntuaciones compuestas son percentiles dentro de él, así que ""Strong Buy"" pesa menos aquí."
718;Reset filters;Screener › button;uvalu/pages_/screener.py:292;;Reset filters;Filters wissen;Réinitialiser les filtres;Filter zurücksetzen;Reimposta filtri;Restablecer filtros
719;Name;Screener › column header (company name);uvalu/pages_/screener.py:40;;Name;Naam;Nom;Name;Nome;Nombre
720;{count} unused code remaining. | {count} unused codes remaining.;Settings › Security › Backup codes row description;uvalu/pages_/settings.py:488;;{count} unused code remaining. | {count} unused codes remaining.;Nog {count} ongebruikte code. | Nog {count} ongebruikte codes.;{count} code inutilisé restant. | {count} codes inutilisés restants.;{count} unbenutzter Code übrig. | {count} unbenutzte Codes übrig.;{count} codice non usato rimanente. | {count} codici non usati rimanenti.;Queda {count} código sin usar. | Quedan {count} códigos sin usar.
721;{count} device skips the two-factor challenge. | {count} devices skip the two-factor challenge.;Settings › Security › Trusted devices row description;uvalu/pages_/settings.py:498;;{count} device skips the two-factor challenge. | {count} devices skip the two-factor challenge.;{count} apparaat slaat de tweestapsverificatie over. | {count} apparaten slaan de tweestapsverificatie over.;{count} appareil ignore la vérification à deux facteurs. | {count} appareils ignorent la vérification à deux facteurs.;{count} Gerät überspringt die Zwei-Faktor-Abfrage. | {count} Geräte überspringen die Zwei-Faktor-Abfrage.;{count} dispositivo salta la verifica a due fattori. | {count} dispositivi saltano la verifica a due fattori.;{count} dispositivo omite la verificación en dos pasos. | {count} dispositivos omiten la verificación en dos pasos.
722;Fetching data for your {count} watchlisted ticker… {done}/{total} companies scored. | Fetching data for your {count} watchlisted tickers… {done}/{total} companies scored.;Watchlist › loading caption;uvalu/pages_/watchlist.py:136;;Fetching data for your {count} watchlisted ticker… {done}/{total} companies scored. | Fetching data for your {count} watchlisted tickers… {done}/{total} companies scored.;Gegevens ophalen voor je {count} ticker op de volglijst… {done}/{total} bedrijven gescoord. | Gegevens ophalen voor je {count} tickers op de volglijst… {done}/{total} bedrijven gescoord.;Récupération des données de ton {count} ticker suivi… {done}/{total} sociétés notées. | Récupération des données de tes {count} tickers suivis… {done}/{total} sociétés notées.;Daten für deinen {count} Watchlist-Ticker werden abgerufen … {done}/{total} Unternehmen bewertet. | Daten für deine {count} Watchlist-Ticker werden abgerufen … {done}/{total} Unternehmen bewertet.;Recupero dei dati per il tuo {count} ticker in watchlist… {done}/{total} società valutate. | Recupero dei dati per i tuoi {count} ticker in watchlist… {done}/{total} società valutate.;Obteniendo datos de tu {count} ticker en seguimiento… {done}/{total} empresas valoradas. | Obteniendo datos de tus {count} tickers en seguimiento… {done}/{total} empresas valoradas.
723;No screener data yet for your watchlisted ticker — it will appear after the next screener refresh. | No screener data yet for your watchlisted tickers — they'll appear after the next screener refresh.;Watchlist › note when data isn't loaded yet;uvalu/pages_/watchlist.py:139;;No screener data yet for your watchlisted ticker — it will appear after the next screener refresh. | No screener data yet for your watchlisted tickers — they'll appear after the next screener refresh.;"Nog geen screenergegevens voor je ticker op de volglijst; die verschijnen na de volgende vernieuwing van de screener. | Nog geen screenergegevens voor je tickers op de volglijst; ze verschijnen na de volgende vernieuwing van de screener.";Pas encore de données du screener pour ton ticker suivi : elles apparaîtront après la prochaine actualisation. | Pas encore de données du screener pour tes tickers suivis : elles apparaîtront après la prochaine actualisation.;Noch keine Screener-Daten für deinen Watchlist-Ticker – sie erscheinen nach der nächsten Screener-Aktualisierung. | Noch keine Screener-Daten für deine Watchlist-Ticker – sie erscheinen nach der nächsten Screener-Aktualisierung.;Nessun dato dello screener per il tuo ticker in watchlist: comparirà dopo il prossimo aggiornamento. | Nessun dato dello screener per i tuoi ticker in watchlist: compariranno dopo il prossimo aggiornamento.;Todavía no hay datos del screener para tu ticker en seguimiento: aparecerán tras la próxima actualización. | Todavía no hay datos del screener para tus tickers en seguimiento: aparecerán tras la próxima actualización.
724;Risk assessment;Risk page › title;uvalu/pages_/risk.py:178;;Risk assessment;Risicobeoordeling;Évaluation du risque;Risikobewertung;Valutazione del rischio;Evaluación del riesgo
725;Factor exposures, concentration and per-holding risk contribution across the portfolio.;Risk page › caption under the title;uvalu/pages_/risk.py:180;;Factor exposures, concentration and per-holding risk contribution across the portfolio.;Factorblootstelling, concentratie en risicobijdrage per positie over de hele portefeuille.;Expositions aux facteurs, concentration et contribution au risque de chaque position du portefeuille.;Faktorexposures, Konzentration und Risikobeitrag je Position im gesamten Portfolio.;Esposizioni ai fattori, concentrazione e contributo al rischio di ogni posizione del portafoglio.;Exposición a factores, concentración y contribución al riesgo de cada posición de la cartera.
726;No portfolio loaded. Add positions in the Portfolio tab first.;Risk page › shown when there are no positions;uvalu/pages_/risk.py:171;;No portfolio loaded. Add positions in the Portfolio tab first.;Geen portefeuille geladen. Voeg eerst posities toe in het tabblad Portefeuille.;Aucun portefeuille chargé. Ajoute d'abord des positions dans l'onglet Portefeuille.;Kein Portfolio geladen. Füge zuerst Positionen im Tab Portfolio hinzu.;Nessun portafoglio caricato. Aggiungi prima delle posizioni nella scheda Portafoglio.;No hay ninguna cartera cargada. Añade primero posiciones en la pestaña Cartera.
727;Risk assessment failed: {error};"Risk page › error; {error} is technical (stays English)";uvalu/pages_/risk.py:203;;Risk assessment failed: {error};Risicobeoordeling mislukt: {error};L'évaluation du risque a échoué : {error};Risikobewertung fehlgeschlagen: {error};Valutazione del rischio non riuscita: {error};La evaluación del riesgo ha fallado: {error}
728;Risk metrics cover the invested portion only ({invested}). Cash of {cash}, {pct}% of total value, is excluded from HHI, VaR, CVaR, factor exposure and Monte Carlo.;Risk page › note above the metrics when you hold cash;uvalu/pages_/risk.py:154;;Risk metrics cover the invested portion only ({invested}). Cash of {cash}, {pct}% of total value, is excluded from HHI, VaR, CVaR, factor exposure and Monte Carlo.;De risicomaatstaven gelden alleen voor het geïnvesteerde deel ({invested}). Cash van {cash}, {pct}% van de totale waarde, telt niet mee voor HHI, VaR, CVaR, factorblootstelling en Monte Carlo.;Les indicateurs de risque ne portent que sur la partie investie ({invested}). Les liquidités de {cash}, soit {pct} % de la valeur totale, sont exclues du HHI, de la VaR, de la CVaR, de l'exposition aux facteurs et du Monte Carlo.;Die Risikokennzahlen beziehen sich nur auf den investierten Teil ({invested}). Barmittel von {cash}, {pct} % des Gesamtwerts, sind bei HHI, VaR, CVaR, Faktorexposure und Monte Carlo ausgenommen.;Le metriche di rischio riguardano solo la parte investita ({invested}). La liquidità di {cash}, pari al {pct}% del valore totale, è esclusa da HHI, VaR, CVaR, esposizione ai fattori e Monte Carlo.;Las métricas de riesgo solo cubren la parte invertida ({invested}). El efectivo de {cash}, un {pct} % del valor total, se excluye del HHI, VaR, CVaR, exposición a factores y Monte Carlo.
729;Blended score across six risk factors, weighted by exposure and hard-veto flags.;Risk page › text next to the composite risk gauge;uvalu/pages_/risk.py:234;;Blended score across six risk factors, weighted by exposure and hard-veto flags.;Gemengde score over zes risicofactoren, gewogen naar blootstelling en harde veto's.;Score combiné sur six facteurs de risque, pondéré par l'exposition et les vetos stricts.;Kombinierter Score aus sechs Risikofaktoren, gewichtet nach Exposure und harten Vetos.;Punteggio combinato su sei fattori di rischio, ponderato per esposizione e veti rigidi.;Puntuación combinada de seis factores de riesgo, ponderada por exposición y vetos estrictos.
730;{label} · regression {value};Risk page › Beta tile subtitle when the regression beta differs, e.g. 'Market-like · regression 1.12';uvalu/pages_/risk.py:255;;{label} · regression {value};{label} · regressie {value};{label} · régression {value};{label} · Regression {value};{label} · regressione {value};{label} · regresión {value}
731;Max drawdown (1Y);Risk page › metric tile label (shown uppercase);uvalu/pages_/risk.py:264;;Max drawdown (1Y);Max. daling (1J);Baisse maximale (1 an);Max. Drawdown (1 J.);Drawdown massimo (1A);Caída máxima (1A)
732;Sharpe;Risk page › metric tile label: Sharpe ratio (shown uppercase);uvalu/pages_/risk.py:265;;Sharpe;Sharpe;Sharpe;Sharpe;Sharpe;Sharpe
733;VaR 95% (1D);Risk page › metric tile label: 1-day Value-at-Risk at 95% (shown uppercase);uvalu/pages_/risk.py:266;;VaR 95% (1D);VaR 95% (1D);VaR 95 % (1 j);VaR 95 % (1 T.);VaR 95% (1G);VaR 95 % (1D)
734;Max expected 1-day loss;Risk page › subtitle under the VaR tile;uvalu/pages_/risk.py:266;;Max expected 1-day loss;Max. verwacht verlies op 1 dag;Perte maximale attendue sur 1 jour;Max. erwarteter Tagesverlust;Perdita massima attesa in 1 giorno;Pérdida máxima esperada en 1 día
735;Sector HHI;Risk page › metric tile label: Herfindahl index of sector concentration (shown uppercase);uvalu/pages_/risk.py:267;;Sector HHI;Sector-HHI;HHI sectoriel;Sektor-HHI;HHI settoriale;HHI sectorial
736;N/A;Risk page › value when a metric can't be computed;risk.py:680 uvalu/pages_/risk.py:263;;N/A;n.v.t.;N/D;k. A.;N/D;N/D
737;Risk factor breakdown;Risk page › card heading;uvalu/pages_/risk.py:111 uvalu/pages_/risk.py:288;;Risk factor breakdown;Uitsplitsing risicofactoren;Détail des facteurs de risque;Aufschlüsselung der Risikofaktoren;Scomposizione dei fattori di rischio;Desglose de factores de riesgo
738;Market sensitivity;Risk page › note under the Mkt-RF factor bar;uvalu/pages_/risk.py:24;;Market sensitivity;Marktgevoeligheid;Sensibilité au marché;Marktsensitivität;Sensibilità al mercato;Sensibilidad al mercado
739;Small vs large cap tilt;Risk page › note under the SMB factor bar;uvalu/pages_/risk.py:25;;Small vs large cap tilt;Neiging kleine vs grote bedrijven;Biais petites vs grandes capitalisations;Neigung Small vs. Large Caps;Inclinazione small vs large cap;Sesgo baja vs alta capitalización
740;Value vs growth tilt;Risk page › note under the HML factor bar;uvalu/pages_/risk.py:26;;Value vs growth tilt;Neiging waarde vs groei;Biais valeur vs croissance;Neigung Value vs. Growth;Inclinazione value vs growth;Sesgo valor vs crecimiento
741;Profitability tilt;Risk page › note under the RMW factor bar;uvalu/pages_/risk.py:27;;Profitability tilt;Neiging winstgevendheid;Biais rentabilité;Neigung Profitabilität;Inclinazione redditività;Sesgo rentabilidad
742;Investment conservatism tilt;Risk page › note under the CMA factor bar;uvalu/pages_/risk.py:28;;Investment conservatism tilt;Neiging behoudende investeringen;Biais investissement prudent;Neigung konservative Investitionen;Inclinazione investimenti conservativi;Sesgo inversión conservadora
743;Momentum tilt;Risk page › note under the WML factor bar;uvalu/pages_/risk.py:29;;Momentum tilt;Neiging momentum;Biais momentum;Neigung Momentum;Inclinazione momentum;Sesgo momento
744;Low;Level label: factor loading, volatility, drawdown, position rating (Low / Moderate / High);risk.py:468 risk.py:675 uvalu/pages_/risk.py:92;;Low;Laag;Faible;Niedrig;Basso;Bajo
745;Elevated;Risk page › factor loading level above Moderate;uvalu/pages_/risk.py:95;;Elevated;Verhoogd;Élevé;Erhöht;Elevato;Elevado
746;High;Level label: volatility, drawdown, position rating;risk.py:466 risk.py:677;;High;Hoog;Élevé;Hoch;Alto;Alto
747;Medium;Position risk rating (Low / Medium / High / Critical);risk.py:467;;Medium;Gemiddeld;Moyen;Mittel;Medio;Medio
748;Critical;"Position risk rating; also the Risk table flag";risk.py:465 uvalu/pages_/risk.py:412;;Critical;Kritiek;Critique;Kritisch;Critico;Crítico
749;Fama-French factor loadings{details}. |loading| > 1.5 = concentrated factor bet.;Risk page › caption under the factor bars. {details} is ' · Developed 5-factor + momentum set · as of …' or empty.;uvalu/pages_/risk.py:311;;Fama-French factor loadings{details}. |loading| > 1.5 = concentrated factor bet.;Fama-French-factorladingen{details}. |lading| > 1,5 = geconcentreerde factorgok.;Sensibilités aux facteurs Fama-French{details}. |sensibilité| > 1,5 = pari concentré sur un facteur.;Fama-French-Faktorladungen{details}. |Ladung| > 1,5 = konzentrierte Faktorwette.;Esposizioni ai fattori Fama-French{details}. |esposizione| > 1,5 = scommessa concentrata su un fattore.;Cargas de factores Fama-French{details}. |carga| > 1,5 = apuesta concentrada en un factor.
750;{name} 5-factor + momentum set;Risk page › factor data set name, e.g. 'Developed 5-factor + momentum set';uvalu/pages_/risk.py:305;;{name} 5-factor + momentum set;{name} 5-factor + momentumset;Jeu {name} 5 facteurs + momentum;{name}-Set mit 5 Faktoren + Momentum;Set {name} 5 fattori + momentum;Conjunto {name} de 5 factores + momento
751;as of {date};Risk page › factor data date;uvalu/pages_/risk.py:307;;as of {date};per {date};au {date};Stand {date};al {date};a {date}
752;cached — source unreachable;Risk page › factor data note: using a saved copy;uvalu/pages_/risk.py:309;;cached — source unreachable;uit cache: bron onbereikbaar;en cache : source injoignable;aus dem Cache – Quelle nicht erreichbar;dalla cache: fonte non raggiungibile;en caché: fuente no disponible
753;Factor analysis unavailable.;Risk page › shown instead of the factor bars;uvalu/pages_/risk.py:313;;Factor analysis unavailable.;Factoranalyse niet beschikbaar.;Analyse factorielle indisponible.;Faktoranalyse nicht verfügbar.;Analisi fattoriale non disponibile.;Análisis de factores no disponible.
754;Concentration;Risk page › card heading;uvalu/pages_/risk.py:115 uvalu/pages_/risk.py:316;;Concentration;Concentratie;Concentration;Konzentration;Concentrazione;Concentración
755;Top 3 positions;Risk page › concentration bar label;uvalu/pages_/risk.py:330;;Top 3 positions;Top 3 posities;3 premières positions;Top-3-Positionen;Prime 3 posizioni;3 mayores posiciones
756;Largest sector;Risk page › concentration bar label;uvalu/pages_/risk.py:328;;Largest sector;Grootste sector;Premier secteur;Größter Sektor;Settore principale;Mayor sector
757;Largest sector — {sector};Risk page › concentration bar label with the sector name;uvalu/pages_/risk.py:328;;Largest sector — {sector};Grootste sector: {sector};Premier secteur : {sector};Größter Sektor – {sector};Settore principale: {sector};Mayor sector: {sector}
758;Largest single name;Risk page › concentration bar label: biggest single holding;uvalu/pages_/risk.py:332;;Largest single name;Grootste individuele positie;Première ligne;Größte Einzelposition;Posizione singola più grande;Mayor posición individual
759;{ticker} at {weight} exceeds the 15% single-name limit;Risk page › concentration warning;uvalu/pages_/risk.py:351;;{ticker} at {weight} exceeds the 15% single-name limit;{ticker} op {weight} overschrijdt de limiet van 15% per positie;{ticker} à {weight} dépasse la limite de 15 % par ligne;{ticker} mit {weight} überschreitet die 15-%-Grenze je Einzeltitel;{ticker} al {weight} supera il limite del 15% per singolo titolo;{ticker} con un {weight} supera el límite del 15 % por valor
760;{sector} at {weight} exceeds the 30% sector limit;Risk page › concentration warning;uvalu/pages_/risk.py:353;;{sector} at {weight} exceeds the 30% sector limit;{sector} op {weight} overschrijdt de sectorlimiet van 30%;{sector} à {weight} dépasse la limite sectorielle de 30 %;{sector} mit {weight} überschreitet die 30-%-Sektorgrenze;{sector} al {weight} supera il limite settoriale del 30%;{sector} con un {weight} supera el límite sectorial del 30 %
761;{country} at {weight} exceeds the 60% country limit;Risk page › concentration warning;uvalu/pages_/risk.py:355;;{country} at {weight} exceeds the 60% country limit;{country} op {weight} overschrijdt de landenlimiet van 60%;{country} à {weight} dépasse la limite de 60 % par pays;{country} mit {weight} überschreitet die 60-%-Ländergrenze;{country} al {weight} supera il limite per paese del 60%;{country} con un {weight} supera el límite por país del 60 %
762;{names} remain(s) under a hard veto;Risk page › concentration warning. {names} is a comma-separated list of tickers.;uvalu/pages_/risk.py:359;;{names} remain(s) under a hard veto;{names} blijft/blijven onder een hard veto;{names} reste(nt) sous veto strict;{names} bleibt/bleiben unter hartem Veto;{names} resta/restano sotto veto rigido;{names} sigue(n) con veto estricto
763;All positions sit within the 15% single-name, 30% sector, and 60% country limits.;Risk page › concentration all-clear message;uvalu/pages_/risk.py:361;;All positions sit within the 15% single-name, 30% sector, and 60% country limits.;Alle posities blijven binnen de limieten van 15% per positie, 30% per sector en 60% per land.;Toutes les positions respectent les limites de 15 % par ligne, 30 % par secteur et 60 % par pays.;Alle Positionen liegen innerhalb der Grenzen von 15 % je Titel, 30 % je Sektor und 60 % je Land.;Tutte le posizioni rientrano nei limiti del 15% per titolo, 30% per settore e 60% per paese.;Todas las posiciones están dentro de los límites del 15 % por valor, 30 % por sector y 60 % por país.
764;Vol;Risk page › table column header: volatility (short);uvalu/pages_/risk.py:121;;Vol;Vol.;Vol.;Vol.;Vol.;Vol.
765;Contribution to risk;Risk page › table column header;uvalu/pages_/risk.py:121;;Contribution to risk;Bijdrage aan risico;Contribution au risque;Beitrag zum Risiko;Contributo al rischio;Contribución al riesgo
766;Flag;Risk page › table column header: warning flag;uvalu/pages_/risk.py:121;;Flag;Markering;Alerte;Hinweis;Segnalazione;Alerta
767;Veto;Risk page › flag value: stock is under a hard veto;uvalu/pages_/risk.py:410;;Veto;Veto;Veto;Veto;Veto;Veto
768;High risk;"Risk page › flag value; also the High risk band name";risk.py:98 uvalu/pages_/risk.py:414;;High risk;Hoog risico;Risque élevé;Hohes Risiko;Rischio alto;Riesgo alto
769;Percent contribution to portfolio variance — each holding's weight × its marginal contribution, from its own volatility and its correlation to the rest of the book.;Risk page › caption under the contribution table;uvalu/pages_/risk.py:431;;Percent contribution to portfolio variance — each holding's weight × its marginal contribution, from its own volatility and its correlation to the rest of the book.;Procentuele bijdrage aan de variantie van de portefeuille: het gewicht van elke positie × haar marginale bijdrage, op basis van haar eigen volatiliteit en haar correlatie met de rest van de portefeuille.;Contribution en % à la variance du portefeuille : le poids de chaque position × sa contribution marginale, selon sa propre volatilité et sa corrélation avec le reste du portefeuille.;Prozentualer Beitrag zur Portfoliovarianz – Gewicht jeder Position × ihr Grenzbeitrag, aus ihrer eigenen Volatilität und ihrer Korrelation zum restlichen Portfolio.;Contributo percentuale alla varianza del portafoglio: il peso di ogni posizione × il suo contributo marginale, in base alla sua volatilità e alla correlazione con il resto del portafoglio.;Contribución porcentual a la varianza de la cartera: el peso de cada posición × su contribución marginal, según su propia volatilidad y su correlación con el resto de la cartera.
770;Weight × |beta| — not enough correlated return history this run for the full variance decomposition.;Risk page › caption variant when data is short;uvalu/pages_/risk.py:435;;Weight × |beta| — not enough correlated return history this run for the full variance decomposition.;Gewicht × |bèta|: deze keer onvoldoende gecorreleerde rendementshistoriek voor de volledige variantie-opsplitsing.;Poids × |bêta| : pas assez d'historique de rendements corrélés cette fois pour la décomposition complète de la variance.;Gewicht × |Beta| – diesmal nicht genug korrelierte Renditehistorie für die vollständige Varianzzerlegung.;Peso × |beta|: storico dei rendimenti correlati insufficiente per la scomposizione completa della varianza.;Peso × |beta|: esta vez no hay suficiente historial de rentabilidades correlacionadas para la descomposición completa de la varianza.
771;Low risk;Risk page › overall risk band name;risk.py:95;;Low risk;Laag risico;Risque faible;Geringes Risiko;Rischio basso;Riesgo bajo
772;Hold — monitor quarterly;Risk page › recommended action for Low risk;risk.py:95;;Hold — monitor quarterly;Aanhouden: driemaandelijks opvolgen;Conserver : suivi trimestriel;Halten – vierteljährlich prüfen;Mantenere: monitoraggio trimestrale;Mantener: revisar cada trimestre
773;Moderate risk;Risk page › overall risk band name;risk.py:96;;Moderate risk;Gematigd risico;Risque modéré;Mäßiges Risiko;Rischio moderato;Riesgo moderado
774;"Review annually; consider minor rebalancing";Risk page › recommended action for Moderate risk;risk.py:96;;"Review annually; consider minor rebalancing";"Jaarlijks herbekijken; overweeg een kleine herbalancering";"Revoir chaque année ; envisager un léger rééquilibrage";"Jährlich prüfen; leichtes Rebalancing erwägen";"Rivedere ogni anno; valutare un lieve ribilanciamento";"Revisar cada año; considerar un ligero reequilibrio"
775;Elevated risk;Risk page › overall risk band name;risk.py:97;;Elevated risk;Verhoogd risico;Risque élevé;Erhöhtes Risiko;Rischio elevato;Riesgo elevado
776;"Active monitoring; targeted rebalancing";Risk page › recommended action for Elevated risk;risk.py:97;;"Active monitoring; targeted rebalancing";"Actief opvolgen; gerichte herbalancering";"Suivi actif ; rééquilibrage ciblé";"Aktive Überwachung; gezieltes Rebalancing";"Monitoraggio attivo; ribilanciamento mirato";"Seguimiento activo; reequilibrio selectivo"
777;Immediate rebalancing required;Risk page › recommended action for High risk;risk.py:98;;Immediate rebalancing required;Onmiddellijke herbalancering nodig;Rééquilibrage immédiat nécessaire;Sofortiges Rebalancing erforderlich;Ribilanciamento immediato necessario;Reequilibrio inmediato necesario
778;Critical risk;Risk page › overall risk band name;risk.py:99;;Critical risk;Kritiek risico;Risque critique;Kritisches Risiko;Rischio critico;Riesgo crítico
779;Defensive repositioning — reduce exposure immediately;Risk page › recommended action for Critical risk;risk.py:99;;Defensive repositioning — reduce exposure immediately;Defensief herpositioneren: verminder de blootstelling onmiddellijk;Repositionnement défensif : réduire l'exposition immédiatement;Defensive Neuausrichtung – Exposure sofort reduzieren;Riposizionamento difensivo: ridurre subito l'esposizione;Reposicionamiento defensivo: reducir la exposición de inmediato
780;Dot-com crash;Risk page › historical stress scenario name (2000–2002);risk.py:133;;Dot-com crash;Dotcomcrash;Krach des dot-com;Dotcom-Crash;Crollo delle dot-com;Crisis de las puntocom
781;Financial crisis;Risk page › historical stress scenario name (2007–2009);risk.py:134;;Financial crisis;Financiële crisis;Crise financière;Finanzkrise;Crisi finanziaria;Crisis financiera
782;COVID crash;Risk page › historical stress scenario name (Feb–Mar 2020);risk.py:135;;COVID crash;COVID-crash;Krach du COVID;Corona-Crash;Crollo del COVID;Desplome por la COVID
783;Feb–Mar 2020;Risk page › stress scenario period;risk.py:135;;Feb–Mar 2020;feb.–mrt. 2020;févr.–mars 2020;Feb.–März 2020;feb–mar 2020;feb.–mar. 2020
784;2022 rate hike cycle;Risk page › historical stress scenario name;risk.py:136;;2022 rate hike cycle;Renteverhogingen van 2022;Cycle de hausse des taux de 2022;Zinserhöhungszyklus 2022;Ciclo di rialzo dei tassi del 2022;Ciclo de subidas de tipos de 2022
785;Jan–Oct 2022;Risk page › stress scenario period;risk.py:136;;Jan–Oct 2022;jan.–okt. 2022;janv.–oct. 2022;Jan.–Okt. 2022;gen–ott 2022;ene.–oct. 2022
786;Well diversified;Risk page › HHI concentration label;risk.py:565;;Well diversified;Goed gespreid;Bien diversifié;Gut diversifiziert;Ben diversificato;Bien diversificada
787;Moderately concentrated;Risk page › HHI concentration label;risk.py:566;;Moderately concentrated;Matig geconcentreerd;Modérément concentré;Mäßig konzentriert;Moderatamente concentrato;Moderadamente concentrada
788;Highly concentrated;Risk page › HHI concentration label;risk.py:567;;Highly concentrated;Sterk geconcentreerd;Très concentré;Stark konzentriert;Molto concentrato;Muy concentrada
789;Defensive;Risk page › beta label: beta below 0.8;risk.py:670;;Defensive;Defensief;Défensif;Defensiv;Difensivo;Defensiva
790;Market-like;Risk page › beta label: beta around 1;risk.py:671;;Market-like;Marktconform;Proche du marché;Marktähnlich;In linea con il mercato;Similar al mercado
791;Aggressive;Risk page › beta label: beta above 1.2;risk.py:672;;Aggressive;Agressief;Agressif;Aggressiv;Aggressivo;Agresiva
792;Acceptable;Risk page › Sharpe/Sortino ratio label;risk.py:689;;Acceptable;Aanvaardbaar;Acceptable;Akzeptabel;Accettabile;Aceptable
793;Suboptimal;Risk page › Sharpe/Sortino ratio label;risk.py:690;;Suboptimal;Suboptimaal;Sous-optimal;Suboptimal;Non ottimale;Mejorable
794;Insufficient price history for factor analysis (need ≥60 days);Risk page › factor analysis message;risk.py:971;;Insufficient price history for factor analysis (need ≥60 days);Onvoldoende koershistoriek voor factoranalyse (minstens 60 dagen nodig);Historique de cours insuffisant pour l'analyse factorielle (au moins 60 jours requis);Zu wenig Kurshistorie für die Faktoranalyse (mind. 60 Tage nötig);Storico dei prezzi insufficiente per l'analisi fattoriale (servono almeno 60 giorni);Historial de precios insuficiente para el análisis de factores (se necesitan al menos 60 días)
795;Fama-French data unavailable: {error};"Risk page › factor analysis message; {error} is technical";risk.py:976;;Fama-French data unavailable: {error};Fama-French-gegevens niet beschikbaar: {error};Données Fama-French indisponibles : {error};Fama-French-Daten nicht verfügbar: {error};Dati Fama-French non disponibili: {error};Datos Fama-French no disponibles: {error}
796;Insufficient overlapping data after alignment;Risk page › factor analysis message;risk.py:991;;Insufficient overlapping data after alignment;Onvoldoende overlappende gegevens na uitlijning;Données communes insuffisantes après alignement;Nach dem Abgleich zu wenig überlappende Daten;Dati sovrapposti insufficienti dopo l'allineamento;Datos coincidentes insuficientes tras la alineación
797;High {factor} loading ({value}) — concentrated factor bet;Risk page › factor warning, e.g. 'High HML loading (+1.72)';risk.py:1012;;High {factor} loading ({value}) — concentrated factor bet;Hoge {factor}-lading ({value}): geconcentreerde factorgok;Forte sensibilité {factor} ({value}) : pari concentré sur un facteur;Hohe {factor}-Ladung ({value}) – konzentrierte Faktorwette;Esposizione {factor} elevata ({value}): scommessa concentrata su un fattore;Carga {factor} alta ({value}): apuesta concentrada en un factor
798;{factor} explains >{share} of return variance;Risk page › factor warning;risk.py:1027;;{factor} explains >{share} of return variance;{factor} verklaart >{share} van de rendementsvariantie;{factor} explique >{share} de la variance des rendements;{factor} erklärt >{share} der Renditevarianz;{factor} spiega >{share} della varianza dei rendimenti;{factor} explica >{share} de la varianza de la rentabilidad
799;Factor data is a cached copy ({set} set, as of {date}) — source unreachable;Risk page › factor warning;risk.py:1031;;Factor data is a cached copy ({set} set, as of {date}) — source unreachable;Factorgegevens komen uit de cache (set {set}, per {date}): bron onbereikbaar;Les données factorielles sont une copie en cache (jeu {set}, au {date}) : source injoignable;Faktordaten sind eine Kopie aus dem Cache ({set}-Set, Stand {date}) – Quelle nicht erreichbar;I dati fattoriali sono una copia in cache (set {set}, al {date}): fonte non raggiungibile;Los datos de factores son una copia en caché (conjunto {set}, a {date}): fuente no disponible
800;Rate rise +200 bps;Risk page › hypothetical stress scenario name;risk.py:1167;;Rate rise +200 bps;Rentestijging +200 bp;Hausse des taux +200 pb;Zinsanstieg +200 Bp.;Rialzo dei tassi +200 pb;Subida de tipos +200 pb
801;High P/E stocks repriced via discount rate expansion (duration proxy);Risk page › stress scenario description;risk.py:1168;;High P/E stocks repriced via discount rate expansion (duration proxy);Aandelen met hoge K/W herwaardeerd via een hogere disconteringsvoet (duratieproxy);Actions à PER élevé revalorisées via la hausse du taux d'actualisation (approximation de la duration);Aktien mit hohem KGV über höheren Diskontsatz neu bewertet (Duration-Näherung);Titoli ad alto P/E rivalutati tramite l'aumento del tasso di sconto (proxy della duration);Acciones con PER alto revalorizadas por el aumento de la tasa de descuento (aproximación de duración)
802;Recession (earnings cut 20–30%);Risk page › stress scenario name;risk.py:1180;;Recession (earnings cut 20–30%);Recessie (winst −20 à 30%);Récession (bénéfices en baisse de 20 à 30 %);Rezession (Gewinne −20–30 %);Recessione (utili in calo del 20–30%);Recesión (beneficios −20–30 %)
803;"25% EPS hit in cyclicals, 10% in defensives; P/E multiples compressed";Risk page › stress scenario description;risk.py:1181;;"25% EPS hit in cyclicals, 10% in defensives; P/E multiples compressed";"WPA −25% bij cyclische en −10% bij defensieve aandelen; lagere K/W-multiples";"BPA −25 % pour les cycliques, −10 % pour les défensives ; multiples de PER comprimés";"EPS −25 % bei Zyklikern, −10 % bei defensiven Titeln; KGV-Multiples sinken";"EPS −25% nei ciclici e −10% nei difensivi; multipli P/E compressi";"BPA −25 % en cíclicas y −10 % en defensivas; múltiplos PER comprimidos"
804;Sector crash −40% ({sector});Risk page › stress scenario name with your largest sector;risk.py:1190;;Sector crash −40% ({sector});Sectorcrash −40% ({sector});Krach sectoriel −40 % ({sector});Sektorcrash −40 % ({sector});Crollo settoriale −40% ({sector});Desplome sectorial −40 % ({sector})
805;40% drawdown applied to {sector} sector;Risk page › stress scenario description;risk.py:1191;;40% drawdown applied to {sector} sector;Daling van 40% toegepast op de sector {sector};Baisse de 40 % appliquée au secteur {sector};40 % Rückgang auf den Sektor {sector} angewendet;Calo del 40% applicato al settore {sector};Caída del 40 % aplicada al sector {sector}
806;Credit crunch;Risk page › stress scenario name;risk.py:1206;;Credit crunch;Kredietcrisis;Resserrement du crédit;Kreditklemme;Stretta creditizia;Restricción del crédito
807;Leveraged positions repriced — high D/E stocks penalised;Risk page › stress scenario description;risk.py:1207;;Leveraged positions repriced — high D/E stocks penalised;Posities met veel schuld herwaardeerd: aandelen met hoge schuldgraad bestraft;Positions endettées revalorisées : titres à fort ratio dette/capitaux propres pénalisés;Fremdfinanzierte Positionen neu bewertet – Titel mit hohem Verschuldungsgrad abgestraft;Posizioni a leva rivalutate: penalizzati i titoli con alto rapporto debito/patrimonio;Posiciones apalancadas revalorizadas: se penalizan las acciones con alta deuda/patrimonio
808;Dividend freeze;Risk page › stress scenario name;risk.py:1216;;Dividend freeze;Dividendstop;Gel des dividendes;Dividendenstopp;Blocco dei dividendi;Congelación de dividendos
809;All dividend payments suspended;Risk page › stress scenario description;risk.py:1217;;All dividend payments suspended;Alle dividenduitkeringen opgeschort;Tous les versements de dividendes suspendus;Alle Dividendenzahlungen ausgesetzt;Tutti i pagamenti di dividendi sospesi;Todos los pagos de dividendos suspendidos
810;Annual income impact: {amount};Risk page › stress scenario result for Dividend freeze;risk.py:1220;;Annual income impact: {amount};Impact op jaarinkomen: {amount};Impact sur les revenus annuels : {amount};Auswirkung auf die Jahreserträge: {amount};Impatto sul reddito annuo: {amount};Impacto en los ingresos anuales: {amount}
811;last snapshot;Risk page › fallback for 'since {date}' when the previous review date is unknown;risk.py:1414;;last snapshot;vorige momentopname;dernier instantané;letzter Snapshot;ultima istantanea;última instantánea
812;{ticker}: position weight {weight} exceeds 20% hard limit;Risk page › rebalancing issue;risk.py:1421;;{ticker}: position weight {weight} exceeds 20% hard limit;{ticker}: positiegewicht {weight} overschrijdt de harde limiet van 20%;{ticker} : poids de {weight}, au-delà de la limite stricte de 20 %;{ticker}: Positionsgewicht {weight} überschreitet die harte 20-%-Grenze;{ticker}: peso della posizione {weight} oltre il limite rigido del 20%;{ticker}: peso de la posición {weight}, por encima del límite estricto del 20 %
813;"Trim to ≤15%; redeploy to underweights";Risk page › rebalancing action;risk.py:1422;;"Trim to ≤15%; redeploy to underweights";"Afbouwen tot ≤15%; herinvesteren in ondergewogen posities";"Réduire à ≤15 % ; réinvestir dans les positions sous-pondérées";"Auf ≤15 % reduzieren; in untergewichtete Positionen umschichten";"Ridurre a ≤15%; reinvestire nei sottopesi";"Reducir a ≤15 %; reinvertir en las posiciones infraponderadas"
814;Portfolio beta {beta} exceeds 1.5 — amplified drawdown risk;Risk page › rebalancing issue;risk.py:1426;;Portfolio beta {beta} exceeds 1.5 — amplified drawdown risk;Bèta van de portefeuille {beta} hoger dan 1,5: versterkt risico op dalingen;Bêta du portefeuille {beta} supérieur à 1,5 : risque de baisse amplifié;Portfolio-Beta {beta} über 1,5 – verstärktes Drawdown-Risiko;Beta del portafoglio {beta} superiore a 1,5: rischio di drawdown amplificato;Beta de la cartera {beta} superior a 1,5: riesgo de caída amplificado
815;Rotate into low-beta / defensive stocks;Risk page › rebalancing action;risk.py:1427;;Rotate into low-beta / defensive stocks;Verschuif naar aandelen met lage bèta / defensieve aandelen;Basculer vers des titres à faible bêta / défensifs;In Titel mit niedrigem Beta / defensive Titel umschichten;Ruotare verso titoli a basso beta / difensivi;Rotar hacia acciones de beta baja / defensivas
816;1-day 99% VaR = {amount} ({pct}) — exceeds 3% loss tolerance;Risk page › rebalancing issue;risk.py:1433;;1-day 99% VaR = {amount} ({pct}) — exceeds 3% loss tolerance;VaR 99% op 1 dag = {amount} ({pct}): hoger dan de verliestolerantie van 3%;VaR 99 % à 1 jour = {amount} ({pct}) : au-delà de la tolérance de perte de 3 %;1-Tages-VaR 99 % = {amount} ({pct}) – über der Verlusttoleranz von 3 %;VaR 99% a 1 giorno = {amount} ({pct}): oltre la tolleranza di perdita del 3%;VaR 99 % a 1 día = {amount} ({pct}): supera la tolerancia de pérdida del 3 %
817;Reduce high-beta/volatile positions to lower tail risk;Risk page › rebalancing action;risk.py:1434;;Reduce high-beta/volatile positions to lower tail risk;Verminder posities met hoge bèta/volatiliteit om het staartrisico te verlagen;Réduire les positions à bêta élevé ou volatiles pour limiter le risque extrême;Positionen mit hohem Beta/hoher Volatilität reduzieren, um das Tail-Risiko zu senken;Ridurre le posizioni ad alto beta/volatili per abbassare il rischio di coda;Reducir posiciones de beta alta/volátiles para bajar el riesgo de cola
818;{pct} of portfolio income comes from dividend-at-risk positions;Risk page › rebalancing issue;risk.py:1439;;{pct} of portfolio income comes from dividend-at-risk positions;{pct} van het inkomen van de portefeuille komt uit posities met een risicodividend;{pct} des revenus du portefeuille proviennent de positions au dividende à risque;{pct} der Portfolioerträge stammen aus Positionen mit gefährdeter Dividende;Il {pct} del reddito del portafoglio proviene da posizioni con dividendo a rischio;El {pct} de los ingresos de la cartera procede de posiciones con dividendo en riesgo
819;Diversify income across more dividend payers;Risk page › rebalancing action;risk.py:1440;;Diversify income across more dividend payers;Spreid het inkomen over meer dividendbetalers;Diversifier les revenus sur davantage de payeurs de dividendes;Erträge auf mehr Dividendenzahler verteilen;Diversificare il reddito su più titoli che pagano dividendi;Diversificar los ingresos entre más pagadores de dividendos
820;Worst-case historical scenario implies {drawdown} portfolio drawdown;Risk page › rebalancing issue;risk.py:1446;;Worst-case historical scenario implies {drawdown} portfolio drawdown;Het slechtste historische scenario betekent een daling van {drawdown} voor de portefeuille;Le pire scénario historique implique une baisse du portefeuille de {drawdown};Das schlechteste historische Szenario bedeutet einen Portfolio-Drawdown von {drawdown};Lo scenario storico peggiore implica un drawdown del portafoglio del {drawdown};El peor escenario histórico implica una caída de la cartera del {drawdown}
821;Add defensive/uncorrelated assets to cushion tail risk;Risk page › rebalancing action;risk.py:1447;;Add defensive/uncorrelated assets to cushion tail risk;Voeg defensieve/ongecorreleerde activa toe om het staartrisico op te vangen;Ajouter des actifs défensifs ou décorrélés pour amortir le risque extrême;Defensive/unkorrelierte Anlagen hinzufügen, um das Tail-Risiko abzufedern;Aggiungere attività difensive/non correlate per attenuare il rischio di coda;Añadir activos defensivos/no correlacionados para amortiguar el riesgo de cola
822;{ticker}: breaches a hard veto rule in the stock valuation algorithm;Risk page › rebalancing issue;risk.py:1452;;{ticker}: breaches a hard veto rule in the stock valuation algorithm;{ticker}: overtreedt een regel voor hard veto in het waarderingsalgoritme;{ticker} : enfreint une règle de veto strict de l'algorithme de valorisation;{ticker}: verstößt gegen eine harte Veto-Regel des Bewertungsalgorithmus;{ticker}: viola una regola di veto rigido dell'algoritmo di valutazione;{ticker}: incumple una regla de veto estricto del algoritmo de valoración
823;"Review fundamentals; consider reducing or exiting";Risk page › rebalancing action;risk.py:1453 risk.py:1457;;"Review fundamentals; consider reducing or exiting";"Bekijk de fundamentals opnieuw; overweeg af te bouwen of te verkopen";"Revoir les fondamentaux ; envisager d'alléger ou de sortir";"Fundamentaldaten prüfen; Reduzieren oder Ausstieg erwägen";"Rivedere i fondamentali; valutare di ridurre o uscire";"Revisar los fundamentales; considerar reducir o salir"
824;{ticker}: Critical risk rating — review immediately;Risk page › rebalancing issue;risk.py:1456;;{ticker}: Critical risk rating — review immediately;{ticker}: kritieke risicobeoordeling, onmiddellijk herbekijken;{ticker} : note de risque critique, à revoir immédiatement;{ticker}: kritische Risikoeinstufung – sofort prüfen;{ticker}: rating di rischio critico, da rivedere subito;{ticker}: calificación de riesgo crítica, revisar de inmediato
825;HHI {hhi} exceeds the {ceiling} target ceiling;Risk page › rebalancing issue;risk.py:1466;;HHI {hhi} exceeds the {ceiling} target ceiling;HHI {hhi} overschrijdt het doelplafond van {ceiling};HHI {hhi} au-delà du plafond cible de {ceiling};HHI {hhi} überschreitet die Zielobergrenze von {ceiling};HHI {hhi} oltre il tetto obiettivo di {ceiling};HHI {hhi} supera el límite objetivo de {ceiling}
826;Add uncorrelated positions or sectors to reduce concentration;Risk page › rebalancing action;risk.py:1467 risk.py:1472;;Add uncorrelated positions or sectors to reduce concentration;Voeg ongecorreleerde posities of sectoren toe om de concentratie te verlagen;Ajouter des positions ou secteurs décorrélés pour réduire la concentration;Unkorrelierte Positionen oder Sektoren hinzufügen, um die Konzentration zu senken;Aggiungere posizioni o settori non correlati per ridurre la concentrazione;Añadir posiciones o sectores no correlacionados para reducir la concentración
827;HHI {hhi} — highly concentrated, above the 0.18 threshold;Risk page › rebalancing issue. Use the local decimal separator in 0.18.;risk.py:1471;;HHI {hhi} — highly concentrated, above the 0.18 threshold;HHI {hhi}: sterk geconcentreerd, boven de drempel van 0,18;HHI {hhi} : très concentré, au-dessus du seuil de 0,18;HHI {hhi} – stark konzentriert, über der Schwelle von 0,18;HHI {hhi}: molto concentrato, sopra la soglia di 0,18;HHI {hhi}: muy concentrada, por encima del umbral de 0,18
828;HHI {hhi} — moderately concentrated, monitor drift;Risk page › rebalancing issue;risk.py:1475;;HHI {hhi} — moderately concentrated, monitor drift;HHI {hhi}: matig geconcentreerd, volg de afwijking op;HHI {hhi} : modérément concentré, surveiller la dérive;HHI {hhi} – mäßig konzentriert, Abweichung beobachten;HHI {hhi}: moderatamente concentrato, monitorare lo scostamento;HHI {hhi}: moderadamente concentrada, vigilar la desviación
829;"Monitor concentration drift; avoid adding to largest positions";Risk page › rebalancing action;risk.py:1476;;"Monitor concentration drift; avoid adding to largest positions";"Volg de concentratie op; bouw je grootste posities niet verder uit";"Surveiller la dérive de concentration ; éviter de renforcer les plus grosses positions";"Konzentrationsdrift beobachten; größte Positionen nicht weiter aufstocken";"Monitorare la concentrazione; evitare di incrementare le posizioni più grandi";"Vigilar la concentración; evitar ampliar las mayores posiciones"
830;HHI drifted +{change} since {date} (now {hhi});Risk page › rebalancing issue;risk.py:1481;;HHI drifted +{change} since {date} (now {hhi});HHI steeg met +{change} sinds {date} (nu {hhi});HHI en hausse de +{change} depuis le {date} (actuellement {hhi});HHI seit {date} um +{change} gestiegen (jetzt {hhi});HHI aumentato di +{change} dal {date} (ora {hhi});El HHI ha subido +{change} desde {date} (ahora {hhi})
831;Rebalance toward the last-reviewed allocation;Risk page › rebalancing action;risk.py:1483;;Rebalance toward the last-reviewed allocation;Herbalanceer richting de laatst herbekeken verdeling;Rééquilibrer vers la dernière allocation revue;Richtung zuletzt geprüfter Allokation umschichten;Ribilanciare verso l'ultima allocazione rivista;Reequilibrar hacia la última distribución revisada
832;{sector} at {actual} vs {target} target — {drift} drift exceeds {limit};Risk page › rebalancing issue (with sector targets);risk.py:1496;;{sector} at {actual} vs {target} target — {drift} drift exceeds {limit};{sector} op {actual} t.o.v. doel {target}: afwijking van {drift} overschrijdt {limit};{sector} à {actual} vs cible de {target} : écart de {drift} supérieur à {limit};{sector} bei {actual} vs. Ziel {target} – Abweichung von {drift} über {limit};{sector} al {actual} vs obiettivo {target}: scostamento di {drift} oltre {limit};{sector} en {actual} frente al objetivo de {target}: desviación de {drift} superior a {limit}
833;"Reduce the overweight sector; top up the underweights";Risk page › rebalancing action;risk.py:1498;;"Reduce the overweight sector; top up the underweights";"Bouw de overwogen sector af; vul de ondergewogen sectoren aan";"Alléger le secteur surpondéré ; renforcer les sous-pondérés";"Übergewichteten Sektor reduzieren; untergewichtete aufstocken";"Ridurre il settore sovrappesato; incrementare i sottopesi";"Reducir el sector sobreponderado; reforzar los infraponderados"
834;{sector} sector at {weight} — exceeds 30% guideline;Risk page › rebalancing issue;risk.py:1502;;{sector} sector at {weight} — exceeds 30% guideline;Sector {sector} op {weight}: boven de richtlijn van 30%;Secteur {sector} à {weight} : au-delà de la règle des 30 %;Sektor {sector} bei {weight} – über der 30-%-Richtlinie;Settore {sector} al {weight}: oltre la soglia guida del 30%;Sector {sector} en {weight}: supera la pauta del 30 %
835;"Reduce largest sector; add exposure to lagging sectors";Risk page › rebalancing action;risk.py:1503;;"Reduce largest sector; add exposure to lagging sectors";"Bouw de grootste sector af; vergroot de blootstelling aan achterblijvende sectoren";"Alléger le premier secteur ; renforcer les secteurs en retrait";"Größten Sektor reduzieren; nachhinkende Sektoren aufstocken";"Ridurre il settore principale; aumentare l'esposizione ai settori in ritardo";"Reducir el mayor sector; aumentar la exposición a los sectores rezagados"
836;{ticker} at {weight} vs {target} target — {drift} drift;Risk page › rebalancing issue (with per-name targets);risk.py:1514;;{ticker} at {weight} vs {target} target — {drift} drift;{ticker} op {weight} t.o.v. doel {target}: afwijking van {drift};{ticker} à {weight} vs cible de {target} : écart de {drift};{ticker} bei {weight} vs. Ziel {target} – Abweichung {drift};{ticker} al {weight} vs obiettivo {target}: scostamento di {drift};{ticker} en {weight} frente al objetivo de {target}: desviación de {drift}
837;Trim or top up toward the target weight;Risk page › rebalancing action;risk.py:1515;;Trim or top up toward the target weight;Bouw af of bij richting het doelgewicht;Alléger ou renforcer vers le poids cible;Richtung Zielgewicht reduzieren oder aufstocken;Ridurre o incrementare verso il peso obiettivo;Reducir o reforzar hacia el peso objetivo
838;Weighted portfolio DGR {dgr} may trail inflation (~2.5%) — real income erosion risk;"Risk page › rebalancing issue; DGR = dividend growth rate. Use the local decimal separator in 2.5.";risk.py:1519;;Weighted portfolio DGR {dgr} may trail inflation (~2.5%) — real income erosion risk;Gewogen dividendgroei van de portefeuille ({dgr}) blijft mogelijk achter op de inflatie (~2,5%): risico op uitholling van het reële inkomen;La croissance pondérée des dividendes du portefeuille ({dgr}) pourrait rester sous l'inflation (~2,5 %) : risque d'érosion du revenu réel;Gewichtetes Dividendenwachstum des Portfolios ({dgr}) liegt womöglich unter der Inflation (~2,5 %) – Risiko sinkender Realerträge;La crescita ponderata dei dividendi del portafoglio ({dgr}) potrebbe restare sotto l'inflazione (~2,5%): rischio di erosione del reddito reale;El crecimiento ponderado del dividendo de la cartera ({dgr}) podría quedar por debajo de la inflación (~2,5 %): riesgo de erosión de los ingresos reales
839;Favor payers with stronger dividend growth track records;Risk page › rebalancing action;risk.py:1520;;Favor payers with stronger dividend growth track records;Geef de voorkeur aan betalers met een sterkere historiek van dividendgroei;Privilégier les payeurs ayant un meilleur historique de croissance du dividende;Zahler mit stärkerer Dividendenwachstums-Historie bevorzugen;Privilegiare chi ha uno storico di crescita dei dividendi migliore;Priorizar pagadores con mejor historial de crecimiento del dividendo
840;Sharpe {sharpe} below 1.0 for a second consecutive review (was {previous} at {date});Risk page › rebalancing issue;risk.py:1526;;Sharpe {sharpe} below 1.0 for a second consecutive review (was {previous} at {date});Sharpe {sharpe} voor de tweede keer op rij onder 1,0 (was {previous} op {date});Sharpe {sharpe} sous 1,0 pour la deuxième revue consécutive (il était de {previous} le {date});Sharpe {sharpe} zum zweiten Mal in Folge unter 1,0 (war {previous} am {date});Sharpe {sharpe} sotto 1,0 per la seconda revisione consecutiva (era {previous} il {date});Sharpe {sharpe} por debajo de 1,0 por segunda revisión seguida (era {previous} el {date})
841;"Reassess risk/return mix; trim volatile underperformers";Risk page › rebalancing action;risk.py:1528 risk.py:1532;;"Reassess risk/return mix; trim volatile underperformers";"Herbekijk de verhouding risico/rendement; bouw volatiele achterblijvers af";"Revoir l'équilibre risque/rendement ; alléger les titres volatils à la traîne";"Rendite-Risiko-Mix neu bewerten; volatile Nachzügler reduzieren";"Rivalutare il mix rischio/rendimento; ridurre i titoli volatili e deboli";"Revisar el equilibrio riesgo/rentabilidad; reducir los valores volátiles rezagados"
842;Sharpe ratio {sharpe} below 1.0 — risk-adjusted return suboptimal;Risk page › rebalancing issue;risk.py:1531;;Sharpe ratio {sharpe} below 1.0 — risk-adjusted return suboptimal;Sharpe-ratio {sharpe} onder 1,0: risicogecorrigeerd rendement suboptimaal;Ratio de Sharpe {sharpe} sous 1,0 : rendement ajusté du risque sous-optimal;Sharpe-Ratio {sharpe} unter 1,0 – risikobereinigte Rendite suboptimal;Indice di Sharpe {sharpe} sotto 1,0: rendimento corretto per il rischio non ottimale;Ratio de Sharpe {sharpe} por debajo de 1,0: rentabilidad ajustada al riesgo mejorable
843;{ticker}: risk rating {previous} → {rating} since {date};Risk page › rebalancing issue. {previous}/{rating} are translated rating names.;risk.py:1541;;{ticker}: risk rating {previous} → {rating} since {date};{ticker}: risicobeoordeling {previous} → {rating} sinds {date};{ticker} : note de risque {previous} → {rating} depuis le {date};{ticker}: Risikoeinstufung {previous} → {rating} seit {date};{ticker}: rating di rischio {previous} → {rating} dal {date};{ticker}: calificación de riesgo {previous} → {rating} desde {date}
844;"Review what changed; reduce if the deterioration holds";Risk page › rebalancing action;risk.py:1542;;"Review what changed; reduce if the deterioration holds";"Bekijk wat er veranderde; bouw af als de verslechtering aanhoudt";"Examiner ce qui a changé ; alléger si la dégradation se confirme";"Prüfen, was sich geändert hat; reduzieren, wenn die Verschlechterung anhält";"Verificare cosa è cambiato; ridurre se il peggioramento persiste";"Revisar qué ha cambiado; reducir si el deterioro se mantiene"
845;{ticker}: High risk rating — monitor closely;Risk page › rebalancing issue;risk.py:1547;;{ticker}: High risk rating — monitor closely;{ticker}: hoge risicobeoordeling, nauw opvolgen;{ticker} : note de risque élevée, à surveiller de près;{ticker}: hohe Risikoeinstufung – genau beobachten;{ticker}: rating di rischio alto, da monitorare da vicino;{ticker}: calificación de riesgo alta, vigilar de cerca
846;"Monitor closely; reduce if fundamentals weaken further";Risk page › rebalancing action;risk.py:1548;;"Monitor closely; reduce if fundamentals weaken further";"Nauw opvolgen; afbouwen als de fundamentals verder verzwakken";"Surveiller de près ; alléger si les fondamentaux se dégradent encore";"Genau beobachten; reduzieren, wenn sich die Fundamentaldaten weiter verschlechtern";"Monitorare da vicino; ridurre se i fondamentali peggiorano ancora";"Vigilar de cerca; reducir si los fundamentales empeoran"
847;{ticker}: ~{days} trading days to exit at {participation} of average volume — thin for this position size;Risk page › rebalancing issue (liquidity);risk.py:1553;;{ticker}: ~{days} trading days to exit at {participation} of average volume — thin for this position size;{ticker}: ~{days} handelsdagen nodig om uit te stappen aan {participation} van het gemiddelde volume: weinig liquiditeit voor deze positiegrootte;{ticker} : ~{days} jours de bourse pour sortir à {participation} du volume moyen, faible pour cette taille de position;{ticker}: ~{days} Handelstage für den Ausstieg bei {participation} des Durchschnittsvolumens – dünn für diese Positionsgröße;{ticker}: ~{days} giorni di borsa per uscire al {participation} del volume medio, poco liquido per questa dimensione;{ticker}: ~{days} días hábiles para salir al {participation} del volumen medio, poca liquidez para este tamaño de posición
848;Size the position to what you can exit in a few days, or accept the exit risk;Risk page › rebalancing action;risk.py:1555;;Size the position to what you can exit in a few days, or accept the exit risk;Stem de positie af op wat je in enkele dagen kunt verkopen, of aanvaard het uitstaprisico;Dimensionner la position pour pouvoir en sortir en quelques jours, ou accepter le risque de sortie;Position so bemessen, dass du in wenigen Tagen aussteigen kannst, oder das Ausstiegsrisiko akzeptieren;Dimensionare la posizione in modo da poter uscire in pochi giorni, o accettare il rischio di uscita;Ajustar la posición a lo que puedas vender en pocos días o asumir el riesgo de salida
849;High correlation pairs (>0.80): {pairs} — limited diversification benefit;Risk page › rebalancing issue;risk.py:1560;;High correlation pairs (>0.80): {pairs} — limited diversification benefit;Sterk gecorreleerde paren (>0,80): {pairs}: beperkt spreidingsvoordeel;Paires très corrélées (>0,80) : {pairs}, bénéfice de diversification limité;Stark korrelierte Paare (>0,80): {pairs} – begrenzter Diversifikationsnutzen;Coppie molto correlate (>0,80): {pairs}, beneficio di diversificazione limitato;"Pares muy correlacionados (>0,80): {pairs}; beneficio de diversificación limitado"
850;Replace one position per pair with uncorrelated exposure;Risk page › rebalancing action;risk.py:1561;;Replace one position per pair with uncorrelated exposure;Vervang per paar één positie door een ongecorreleerde belegging;Remplacer une position par paire par une exposition décorrélée;Je Paar eine Position durch unkorreliertes Exposure ersetzen;Sostituire una posizione per coppia con un'esposizione non correlata;Sustituir una posición de cada par por una exposición no correlacionada
851;Portfolio is empty — nothing to assess;Risk page › error when the portfolio has no positions;risk.py:1620;;Portfolio is empty — nothing to assess;Portefeuille is leeg: niets te beoordelen;Le portefeuille est vide : rien à évaluer;Portfolio ist leer – nichts zu bewerten;Il portafoglio è vuoto: niente da valutare;La cartera está vacía: no hay nada que evaluar
852;Hard veto active — excluded from BUY scoring regardless of composite score.;Signal explanation (stock preview/analysis): vetoed stock;screener.py:1670;;Hard veto active — excluded from BUY scoring regardless of composite score.;Hard veto actief: uitgesloten van BUY, ongeacht de totaalscore.;Veto strict actif : exclue des BUY, quel que soit le score composite.;Hartes Veto aktiv – vom BUY ausgeschlossen, unabhängig vom Gesamtscore.;Veto rigido attivo: escluso dai BUY, qualunque sia il punteggio composito.;Veto estricto activo: excluida de BUY, sea cual sea la puntuación compuesta.
853;Composite score {score} ≥ {threshold} — both BUY conditions met.;Signal explanation: BUY, without a margin-of-safety clause;screener.py:1674;;Composite score {score} ≥ {threshold} — both BUY conditions met.;Totaalscore {score} ≥ {threshold}: aan beide BUY-voorwaarden voldaan.;Score composite {score} ≥ {threshold} : les deux conditions BUY sont remplies.;Gesamtscore {score} ≥ {threshold} – beide BUY-Bedingungen erfüllt.;Punteggio composito {score} ≥ {threshold}: entrambe le condizioni BUY soddisfatte.;Puntuación compuesta {score} ≥ {threshold}: se cumplen ambas condiciones de BUY.
854;Composite score {score} ≥ {threshold} and margin of safety {mos} ≥ {min_mos} — both BUY conditions met.;"Signal explanation: BUY. (Code builds this from two pieces; merge into one string.)";screener.py:1673 screener.py:1674;;Composite score {score} ≥ {threshold} and margin of safety {mos} ≥ {min_mos} — both BUY conditions met.;Totaalscore {score} ≥ {threshold} en veiligheidsmarge {mos} ≥ {min_mos}: aan beide BUY-voorwaarden voldaan.;Score composite {score} ≥ {threshold} et marge de sécurité {mos} ≥ {min_mos} : les deux conditions BUY sont remplies.;Gesamtscore {score} ≥ {threshold} und Sicherheitsmarge {mos} ≥ {min_mos} – beide BUY-Bedingungen erfüllt.;Punteggio composito {score} ≥ {threshold} e margine di sicurezza {mos} ≥ {min_mos}: entrambe le condizioni BUY soddisfatte.;Puntuación compuesta {score} ≥ {threshold} y margen de seguridad {mos} ≥ {min_mos}: se cumplen ambas condiciones de BUY.
855;Not a BUY: {reasons}.;"Signal explanation: why a stock is MONITOR. {reasons} = the reasons below, joined with '; '.";screener.py:1688;;Not a BUY: {reasons}.;Geen BUY: {reasons}.;Pas un BUY : {reasons}.;Kein BUY: {reasons}.;Non è un BUY: {reasons}.;No es BUY: {reasons}.
856;composite score {score} is below the {threshold} BUY threshold;Signal explanation reason (lowercase, joined into 'Not a BUY: …');screener.py:1678;;composite score {score} is below the {threshold} BUY threshold;totaalscore {score} ligt onder de BUY-drempel van {threshold};le score composite {score} est sous le seuil BUY de {threshold};Gesamtscore {score} liegt unter der BUY-Schwelle von {threshold};il punteggio composito {score} è sotto la soglia BUY di {threshold};la puntuación compuesta {score} está por debajo del umbral de BUY de {threshold}
857;no computable fair value, so the margin of safety can't be confirmed;Signal explanation reason (lowercase);screener.py:1680;;no computable fair value, so the margin of safety can't be confirmed;geen berekenbare intrinsieke waarde, dus de veiligheidsmarge kan niet worden bevestigd;pas de juste valeur calculable, la marge de sécurité ne peut donc pas être confirmée;kein berechenbarer fairer Wert, daher lässt sich die Sicherheitsmarge nicht bestätigen;nessun valore equo calcolabile, quindi il margine di sicurezza non può essere confermato;no hay un valor razonable calculable, así que no se puede confirmar el margen de seguridad
858;margin of safety {mos} is below the {min_mos} minimum;Signal explanation reason (lowercase);screener.py:1682;;margin of safety {mos} is below the {min_mos} minimum;veiligheidsmarge {mos} ligt onder het minimum van {min_mos};la marge de sécurité {mos} est sous le minimum de {min_mos};Sicherheitsmarge {mos} liegt unter dem Minimum von {min_mos};il margine di sicurezza {mos} è sotto il minimo di {min_mos};el margen de seguridad {mos} está por debajo del mínimo de {min_mos}
859;the fair value rests on too few independent models to confirm a BUY;Signal explanation reason (lowercase);screener.py:1684;;the fair value rests on too few independent models to confirm a BUY;de intrinsieke waarde steunt op te weinig onafhankelijke modellen om een BUY te bevestigen;la juste valeur repose sur trop peu de modèles indépendants pour confirmer un BUY;der faire Wert stützt sich auf zu wenige unabhängige Modelle, um ein BUY zu bestätigen;il valore equo si basa su troppo pochi modelli indipendenti per confermare un BUY;el valor razonable se basa en muy pocos modelos independientes para confirmar un BUY
860;Composite score {score} is below the {floor} Avoid floor.;Signal explanation: AVOID;screener.py:1687;;Composite score {score} is below the {floor} Avoid floor.;Totaalscore {score} ligt onder de Avoid-bodem van {floor}.;Le score composite {score} est sous le plancher Avoid de {floor}.;Gesamtscore {score} liegt unter der Avoid-Untergrenze von {floor}.;Il punteggio composito {score} è sotto la soglia Avoid di {floor}.;La puntuación compuesta {score} está por debajo del mínimo Avoid de {floor}.
861;Sits in the Monitor band.;Signal explanation: MONITOR with no specific reason;screener.py:1688;;Sits in the Monitor band.;Valt in de Monitor-zone.;Se situe dans la zone Monitor.;Liegt im Monitor-Bereich.;Rientra nella fascia Monitor.;Se sitúa en la franja Monitor.
862;revenue fell {years} straight years;Veto reason (multi-year trend), lowercase;screener.py:1971;;revenue fell {years} straight years;omzet daalde {years} jaar op rij;chiffre d'affaires en baisse {years} années de suite;Umsatz {years} Jahre in Folge gesunken;ricavi in calo per {years} anni consecutivi;ingresos en descenso {years} años seguidos
863;operating income negative {years} years running;Veto reason (multi-year trend), lowercase;screener.py:1975;;operating income negative {years} years running;bedrijfsresultaat {years} jaar op rij negatief;résultat d'exploitation négatif {years} années de suite;Betriebsergebnis {years} Jahre in Folge negativ;utile operativo negativo per {years} anni consecutivi;resultado operativo negativo {years} años seguidos
864;retained earnings negative and still eroding;Veto reason (multi-year trend), lowercase;screener.py:1980;;retained earnings negative and still eroding;overgedragen winst negatief en nog steeds dalend;réserves négatives et toujours en baisse;Gewinnrücklagen negativ und weiter sinkend;utili non distribuiti negativi e ancora in calo;reservas negativas y todavía en descenso
865;dividend cut in {year} with only {coverage}× cover;Veto reason (multi-year trend), lowercase;screener.py:1987;;dividend cut in {year} with only {coverage}× cover;dividend verlaagd in {year} met slechts {coverage}× dekking;dividende réduit en {year} avec une couverture de seulement {coverage}×;Dividende {year} gekürzt bei nur {coverage}× Deckung;dividendo tagliato nel {year} con copertura di appena {coverage}×;dividendo recortado en {year} con una cobertura de solo {coverage}×
866;Monthly;Dividend frequency label (Analysis › Dividend & income);screener.py:720;;Monthly;Maandelijks;Mensuel;Monatlich;Mensile;Mensual
867;Quarterly;Dividend frequency label;screener.py:722;;Quarterly;Driemaandelijks;Trimestriel;Vierteljährlich;Trimestrale;Trimestral
868;Semi-annual;Dividend frequency label;screener.py:724;;Semi-annual;Halfjaarlijks;Semestriel;Halbjährlich;Semestrale;Semestral
869;Annual;Dividend frequency label;screener.py:726;;Annual;Jaarlijks;Annuel;Jährlich;Annuale;Anual
870;At Risk;Dividend flag value (dividend safety): shown on the Analysis page hard-veto checks;scoring.py:150;;At Risk;Risico;À risque;Gefährdet;A rischio;En riesgo
871;Enter a date, e.g. 07 Jul 2026.;Cash dialog › date validation error;cash.py:118;;Enter a date, e.g. 07 Jul 2026.;Vul een datum in, bv. 07 jul 2026.;Saisis une date, p. ex. 07 juil. 2026.;Gib ein Datum ein, z. B. 07. Juli 2026.;Inserisci una data, es. 07 lug 2026.;Introduce una fecha, p. ej. 07 jul 2026.
872;Opening balance · migrated from earlier cash records;Cash ledger › description of the migrated opening entry;cash.py:143;;Opening balance · migrated from earlier cash records;Beginsaldo · overgenomen uit eerdere cashgegevens;Solde d'ouverture · repris des anciennes données de liquidités;Anfangssaldo · aus früheren Barmitteldaten übernommen;Saldo iniziale · migrato da registrazioni di liquidità precedenti;Saldo inicial · migrado de registros de efectivo anteriores
873;Blocked: this would take the cash balance to {amount}. Balance cannot go negative.;Cash dialog › error;cash.py:269;;Blocked: this would take the cash balance to {amount}. Balance cannot go negative.;Geblokkeerd: hierdoor zou het cashsaldo {amount} worden. Het saldo kan niet negatief zijn.;Bloqué : le solde de liquidités passerait à {amount}. Le solde ne peut pas être négatif.;Blockiert: Der Barmittelsaldo läge dann bei {amount}. Der Saldo darf nicht negativ werden.;Bloccato: il saldo di liquidità arriverebbe a {amount}. Il saldo non può essere negativo.;Bloqueado: el saldo de efectivo quedaría en {amount}. El saldo no puede ser negativo.
874;Enter an amount greater than zero.;Cash dialog › validation error;cash.py:284;;Enter an amount greater than zero.;Vul een bedrag groter dan nul in.;Saisis un montant supérieur à zéro.;Gib einen Betrag größer als null ein.;Inserisci un importo maggiore di zero.;Introduce un importe mayor que cero.
875;Balance cannot go negative.;Cash dialog › validation error;cash.py:317;;Balance cannot go negative.;Het saldo kan niet negatief zijn.;Le solde ne peut pas être négatif.;Der Saldo darf nicht negativ werden.;Il saldo non può essere negativo.;El saldo no puede ser negativo.
876;Opening balance;Cash ledger › description of the first Adjustment;cash.py:324;;Opening balance;Beginsaldo;Solde d'ouverture;Anfangssaldo;Saldo iniziale;Saldo inicial
877;Manual balance correction;Cash ledger › description of a later Adjustment;cash.py:324;;Manual balance correction;Handmatige saldocorrectie;Correction manuelle du solde;Manuelle Saldokorrektur;Rettifica manuale del saldo;Corrección manual del saldo
878;Bought {shares} {ticker} × {price};"Cash ledger › description of a buy, e.g. 'Bought 50 ABI.BR × €58.20'. (Code builds '{verb} …'; split into two strings.)";cash.py:366 cash.py:367;;Bought {shares} {ticker} × {price};{shares} {ticker} gekocht × {price};Achat de {shares} {ticker} × {price};{shares} {ticker} gekauft × {price};Acquistate {shares} {ticker} × {price};Compra de {shares} {ticker} × {price}
879;Sold {shares} {ticker} × {price};Cash ledger › description of a sale;cash.py:366 cash.py:367;;Sold {shares} {ticker} × {price};{shares} {ticker} verkocht × {price};Vente de {shares} {ticker} × {price};{shares} {ticker} verkauft × {price};Vendute {shares} {ticker} × {price};Venta de {shares} {ticker} × {price}
880;· fee {amount};Cash ledger › suffix on a trade description;cash.py:369;;· fee {amount};· kosten {amount};· frais {amount};· Gebühr {amount};· commissione {amount};· comisión {amount}
881;Auto top-up to fund {label};Cash ledger › description of an automatic top-up deposit. {label} = the trade reference.;cash.py:379;;Auto top-up to fund {label};Automatische aanvulling voor {label};Renflouement automatique pour financer {label};Automatische Aufstockung zur Finanzierung von {label};Ricarica automatica per finanziare {label};Recarga automática para financiar {label}
882;{name} · {kind} dividend, net of tax;Cash ledger › description of a dividend payment. {kind} is the lowercase dividend type (cash, special…).;cash.py:635;;{name} · {kind} dividend, net of tax;{name} · dividend ({kind}), na belasting;{name} · dividende ({kind}), net d'impôts;{name} · Dividende ({kind}), nach Steuern;{name} · dividendo ({kind}), al netto delle imposte;{name} · dividendo ({kind}), neto de impuestos
883;No cache yet;Screener › data freshness note;uvalu/data.py:49 uvalu/data.py:56;;No cache yet;Nog geen cache;Pas encore de cache;Noch kein Cache;Nessuna cache per ora;Todavía no hay caché
884;Cache age: {age} min (TTL {ttl}h);Screener › data freshness note (minutes);uvalu/data.py:60;;Cache age: {age} min (TTL {ttl}h);Leeftijd cache: {age} min (TTL {ttl} u);Âge du cache : {age} min (TTL {ttl} h);Cache-Alter: {age} Min. (TTL {ttl} Std.);Età della cache: {age} min (TTL {ttl} h);Antigüedad de la caché: {age} min (TTL {ttl} h)
885;Cache age: {age} h (TTL {ttl}h);Screener › data freshness note (hours);uvalu/data.py:61;;Cache age: {age} h (TTL {ttl}h);Leeftijd cache: {age} u (TTL {ttl} u);Âge du cache : {age} h (TTL {ttl} h);Cache-Alter: {age} Std. (TTL {ttl} Std.);Età della cache: {age} h (TTL {ttl} h);Antigüedad de la caché: {age} h (TTL {ttl} h)
886;Positions;Excel export › sheet name;backup.py:138;;Positions;Posities;Positions;Positionen;Posizioni;Posiciones
887;Sold;Excel export › sheet name: closed trades;backup.py:140;;Sold;Verkocht;Vendues;Verkauft;Vendute;Vendidas
888;Dividends;Excel export › sheet name;backup.py:142;;Dividends;Dividenden;Dividendes;Dividenden;Dividendi;Dividendos
889;No portfolio data found to export.;Settings › Excel export error;backup.py:133;;No portfolio data found to export.;Geen portefeuillegegevens gevonden om te exporteren.;Aucune donnée de portefeuille à exporter.;Keine Portfoliodaten zum Exportieren gefunden.;Nessun dato di portafoglio da esportare.;No hay datos de cartera para exportar.
890;Enter a valid email address.;Sign-up/invite › validation error;auth.py:127;;Enter a valid email address.;Vul een geldig e-mailadres in.;Saisis une adresse e-mail valide.;Gib eine gültige E-Mail-Adresse ein.;Inserisci un indirizzo email valido.;Introduce una dirección de correo válida.
891;Password must be at least {min_len} characters.;Password forms › validation error;auth.py:129 auth.py:918;;Password must be at least {min_len} characters.;Het wachtwoord moet minstens {min_len} tekens hebben.;Le mot de passe doit contenir au moins {min_len} caractères.;Das Passwort muss mindestens {min_len} Zeichen lang sein.;La password deve contenere almeno {min_len} caratteri.;La contraseña debe tener al menos {min_len} caracteres.
892;The user store could not be read (wrong encryption key or a corrupted file). Registration is disabled until this is fixed.;First-run/sign-up › error;auth.py:137;;The user store could not be read (wrong encryption key or a corrupted file). Registration is disabled until this is fixed.;De gebruikersgegevens konden niet worden gelezen (verkeerde encryptiesleutel of beschadigd bestand). Registreren is uitgeschakeld tot dit is opgelost.;Les données utilisateurs n'ont pas pu être lues (clé de chiffrement incorrecte ou fichier corrompu). L'inscription est désactivée jusqu'à la correction.;Die Benutzerdaten konnten nicht gelesen werden (falscher Schlüssel oder beschädigte Datei). Die Registrierung ist deaktiviert, bis das behoben ist.;Impossibile leggere l'archivio utenti (chiave di cifratura errata o file danneggiato). La registrazione è disattivata finché il problema non viene risolto.;No se ha podido leer el almacén de usuarios (clave de cifrado incorrecta o archivo dañado). El registro está desactivado hasta que se solucione.
893;An account with this email already exists.;Sign-up › error;auth.py:140;;An account with this email already exists.;Er bestaat al een account met dit e-mailadres.;Un compte existe déjà avec cet e-mail.;Mit dieser E-Mail-Adresse existiert bereits ein Konto.;Esiste già un account con questa email.;Ya existe una cuenta con este correo.
894;Account created. You can now log in.;Sign-up › success message;auth.py:160;;Account created. You can now log in.;Account aangemaakt. Je kunt je nu aanmelden.;Compte créé. Tu peux maintenant te connecter.;Konto erstellt. Du kannst dich jetzt anmelden.;Account creato. Ora puoi accedere.;Cuenta creada. Ya puedes iniciar sesión.
895;This invite was sent to {email}. Sign in with a matching account, or ask your admin to invite {provider_email}.;Invite acceptance › error when signing in with a different SSO account;auth.py:317;;This invite was sent to {email}. Sign in with a matching account, or ask your admin to invite {provider_email}.;Deze uitnodiging werd naar {email} gestuurd. Meld je aan met een overeenkomend account of vraag je beheerder om {provider_email} uit te nodigen.;Cette invitation a été envoyée à {email}. Connecte-toi avec le compte correspondant ou demande à ton administrateur d'inviter {provider_email}.;Diese Einladung ging an {email}. Melde dich mit dem passenden Konto an oder bitte deinen Admin, {provider_email} einzuladen.;Questo invito è stato inviato a {email}. Accedi con l'account corrispondente o chiedi al tuo amministratore di invitare {provider_email}.;Esta invitación se envió a {email}. Inicia sesión con la cuenta correspondiente o pide a tu administrador que invite a {provider_email}.
896;The user store could not be read (wrong encryption key or a corrupted file). Contact your administrator.;Sign-in › error;auth.py:468;;The user store could not be read (wrong encryption key or a corrupted file). Contact your administrator.;De gebruikersgegevens konden niet worden gelezen (verkeerde encryptiesleutel of beschadigd bestand). Neem contact op met je beheerder.;Les données utilisateurs n'ont pas pu être lues (clé de chiffrement incorrecte ou fichier corrompu). Contacte ton administrateur.;Die Benutzerdaten konnten nicht gelesen werden (falscher Schlüssel oder beschädigte Datei). Wende dich an deinen Administrator.;Impossibile leggere l'archivio utenti (chiave di cifratura errata o file danneggiato). Contatta il tuo amministratore.;No se ha podido leer el almacén de usuarios (clave de cifrado incorrecta o archivo dañado). Ponte en contacto con tu administrador.
897;Invalid email or password.;Sign-in › error;auth.py:474;;Invalid email or password.;Ongeldig e-mailadres of wachtwoord.;E-mail ou mot de passe incorrect.;E-Mail oder Passwort ungültig.;Email o password non validi.;Correo o contraseña incorrectos.
898;Invalid email or password. Too many failed attempts — this account is now locked for {minutes} minutes.;Sign-in › error when the account gets locked;auth.py:510;;Invalid email or password. Too many failed attempts — this account is now locked for {minutes} minutes.;Ongeldig e-mailadres of wachtwoord. Te veel mislukte pogingen: dit account is nu {minutes} minuten geblokkeerd.;E-mail ou mot de passe incorrect. Trop de tentatives échouées : ce compte est maintenant bloqué pendant {minutes} minutes.;E-Mail oder Passwort ungültig. Zu viele Fehlversuche – dieses Konto ist jetzt {minutes} Minuten gesperrt.;Email o password non validi. Troppi tentativi non riusciti: questo account è ora bloccato per {minutes} minuti.;Correo o contraseña incorrectos. Demasiados intentos fallidos: esta cuenta queda bloqueada durante {minutes} minutos.
899;Session not found.;Settings › Active sessions › error;auth.py:624;;Session not found.;Sessie niet gevonden.;Session introuvable.;Sitzung nicht gefunden.;Sessione non trovata.;No se ha encontrado la sesión.
900;Signed out of that session.;Settings › Active sessions › confirmation;auth.py:628;;Signed out of that session.;Afgemeld bij die sessie.;Déconnecté de cette session.;Von dieser Sitzung abgemeldet.;Disconnesso da quella sessione.;Se ha cerrado esa sesión.
901;Start enrollment again — no pending setup found.;Settings › 2FA setup › error;auth.py:695;;Start enrollment again — no pending setup found.;Start de instelling opnieuw: er is geen lopende instelling gevonden.;Recommence la configuration : aucune configuration en cours trouvée.;Starte die Einrichtung erneut – keine laufende Einrichtung gefunden.;Riavvia la configurazione: nessuna configurazione in corso trovata.;Vuelve a iniciar la configuración: no hay ninguna pendiente.
902;That code didn't match. Try again.;2FA sign-in and setup › error;auth.py:697;;That code didn't match. Try again.;Die code klopt niet. Probeer opnieuw.;Ce code ne correspond pas. Réessaie.;Dieser Code stimmt nicht. Versuche es erneut.;Il codice non corrisponde. Riprova.;Ese código no coincide. Vuelve a intentarlo.
903;Two-factor authentication enabled.;Settings › confirmation;auth.py:704;;Two-factor authentication enabled.;Tweestapsverificatie ingeschakeld.;Authentification à deux facteurs activée.;Zwei-Faktor-Authentifizierung aktiviert.;Autenticazione a due fattori attivata.;Autenticación en dos pasos activada.
904;Two-factor authentication turned off.;Settings › confirmation;auth.py:721;;Two-factor authentication turned off.;Tweestapsverificatie uitgeschakeld.;Authentification à deux facteurs désactivée.;Zwei-Faktor-Authentifizierung deaktiviert.;Autenticazione a due fattori disattivata.;Autenticación en dos pasos desactivada.
905;Two-factor authentication isn't enabled for this account.;Settings / sign-in › error;auth.py:768;;Two-factor authentication isn't enabled for this account.;Tweestapsverificatie is niet ingeschakeld voor dit account.;L'authentification à deux facteurs n'est pas activée pour ce compte.;Die Zwei-Faktor-Authentifizierung ist für dieses Konto nicht aktiviert.;L'autenticazione a due fattori non è attiva per questo account.;La autenticación en dos pasos no está activada en esta cuenta.
906;All trusted devices revoked.;Settings › confirmation after 'Revoke all';auth.py:876;;All trusted devices revoked.;Alle vertrouwde apparaten ingetrokken.;Tous les appareils de confiance ont été révoqués.;Alle vertrauenswürdigen Geräte widerrufen.;Tutti i dispositivi attendibili sono stati revocati.;Se han revocado todos los dispositivos de confianza.
907;This password has appeared in known data breaches. Choose a different one.;Password forms › error;auth.py:922;;This password has appeared in known data breaches. Choose a different one.;Dit wachtwoord is opgedoken in bekende datalekken. Kies een ander.;Ce mot de passe figure dans des fuites de données connues. Choisis-en un autre.;Dieses Passwort ist in bekannten Datenlecks aufgetaucht. Wähle ein anderes.;Questa password è comparsa in violazioni di dati note. Scegline un'altra.;Esta contraseña aparece en filtraciones de datos conocidas. Elige otra.
908;This identity is already linked to a different account.;Settings › Linked accounts › error;auth.py:957;;This identity is already linked to a different account.;Deze identiteit is al gekoppeld aan een ander account.;Cette identité est déjà associée à un autre compte.;Diese Identität ist bereits mit einem anderen Konto verknüpft.;Questa identità è già collegata a un altro account.;Esta identidad ya está vinculada a otra cuenta.
909;This provider is already linked to your account.;Settings › Linked accounts › error;auth.py:960;;This provider is already linked to your account.;Deze provider is al gekoppeld aan je account.;Ce fournisseur est déjà associé à ton compte.;Dieser Anbieter ist bereits mit deinem Konto verknüpft.;Questo provider è già collegato al tuo account.;Este proveedor ya está vinculado a tu cuenta.
910;Provider connected.;Settings › Linked accounts › confirmation;auth.py:967;;Provider connected.;Provider gekoppeld.;Fournisseur associé.;Anbieter verbunden.;Provider collegato.;Proveedor vinculado.
911;That provider isn't linked to your account.;Settings › Linked accounts › error;auth.py:982;;That provider isn't linked to your account.;Die provider is niet gekoppeld aan je account.;Ce fournisseur n'est pas associé à ton compte.;Dieser Anbieter ist nicht mit deinem Konto verknüpft.;Quel provider non è collegato al tuo account.;Ese proveedor no está vinculado a tu cuenta.
912;Can't disconnect your only sign-in method — set a password first.;Settings › Linked accounts › error;auth.py:984;;Can't disconnect your only sign-in method — set a password first.;Je kunt je enige aanmeldmethode niet ontkoppelen: stel eerst een wachtwoord in.;Impossible de dissocier ta seule méthode de connexion : définis d'abord un mot de passe.;Deine einzige Anmeldemethode kann nicht getrennt werden – lege zuerst ein Passwort fest.;Non puoi scollegare il tuo unico metodo di accesso: imposta prima una password.;No puedes desvincular tu único método de inicio de sesión: primero establece una contraseña.
913;Provider disconnected.;Settings › Linked accounts › confirmation;auth.py:989;;Provider disconnected.;Provider ontkoppeld.;Fournisseur dissocié.;Anbieter getrennt.;Provider scollegato.;Proveedor desvinculado.
914;This account already has a password — use Change instead.;Settings › Set a password › error. 'Change' must match the button.;auth.py:1005;;This account already has a password — use Change instead.;Dit account heeft al een wachtwoord: gebruik Wijzigen.;Ce compte a déjà un mot de passe : utilise plutôt Modifier.;Dieses Konto hat bereits ein Passwort – nutze stattdessen Ändern.;Questo account ha già una password: usa invece Modifica.;Esta cuenta ya tiene contraseña: usa Cambiar.
915;Password set.;Settings › confirmation;auth.py:1011;;Password set.;Wachtwoord ingesteld.;Mot de passe défini.;Passwort festgelegt.;Password impostata.;Contraseña establecida.
916;Current password is incorrect.;Settings › Change password › error;auth.py:1195;;Current password is incorrect.;Het huidige wachtwoord is onjuist.;Le mot de passe actuel est incorrect.;Das aktuelle Passwort ist falsch.;La password attuale non è corretta.;La contraseña actual es incorrecta.
917;Password changed.;Settings › confirmation;auth.py:1201;;Password changed.;Wachtwoord gewijzigd.;Mot de passe modifié.;Passwort geändert.;Password modificata.;Contraseña cambiada.
918;User not found.;Settings › error when the signed-in account can't be found (e.g. deleted meanwhile);auth.py:347;;User not found.;Gebruiker niet gevonden.;Utilisateur introuvable.;Benutzer nicht gefunden.;Utente non trovato.;No se ha encontrado el usuario.
919;{amount} gr;Portfolio › open positions row: dividend income over 12 months, gross (compact 'gr' = gross);uvalu/components.py:1222;;{amount} gr;{amount} bruto;{amount} brut;{amount} brutto;{amount} lordo;{amount} bruto
920;This account is temporarily locked. Try again in {count} minute. | This account is temporarily locked. Try again in {count} minutes.;Sign-in › error while the account is locked;auth.py:489;;This account is temporarily locked. Try again in {count} minute. | This account is temporarily locked. Try again in {count} minutes.;Dit account is tijdelijk geblokkeerd. Probeer het over {count} minuut opnieuw. | Dit account is tijdelijk geblokkeerd. Probeer het over {count} minuten opnieuw.;Ce compte est temporairement bloqué. Réessaie dans {count} minute. | Ce compte est temporairement bloqué. Réessaie dans {count} minutes.;Dieses Konto ist vorübergehend gesperrt. Versuche es in {count} Minute erneut. | Dieses Konto ist vorübergehend gesperrt. Versuche es in {count} Minuten erneut.;Questo account è temporaneamente bloccato. Riprova tra {count} minuto. | Questo account è temporaneamente bloccato. Riprova tra {count} minuti.;Esta cuenta está bloqueada temporalmente. Vuelve a intentarlo dentro de {count} minuto. | Esta cuenta está bloqueada temporalmente. Vuelve a intentarlo dentro de {count} minutos.
921;Invalid email or password. {count} attempt remains before this account is locked for {minutes} minutes. | Invalid email or password. {count} attempts remain before this account is locked for {minutes} minutes.;Sign-in › error with remaining attempts;auth.py:516;;Invalid email or password. {count} attempt remains before this account is locked for {minutes} minutes. | Invalid email or password. {count} attempts remain before this account is locked for {minutes} minutes.;Ongeldig e-mailadres of wachtwoord. Nog {count} poging voordat dit account {minutes} minuten wordt geblokkeerd. | Ongeldig e-mailadres of wachtwoord. Nog {count} pogingen voordat dit account {minutes} minuten wordt geblokkeerd.;E-mail ou mot de passe incorrect. Il reste {count} tentative avant le blocage du compte pendant {minutes} minutes. | E-mail ou mot de passe incorrect. Il reste {count} tentatives avant le blocage du compte pendant {minutes} minutes.;E-Mail oder Passwort ungültig. Noch {count} Versuch, bevor dieses Konto {minutes} Minuten gesperrt wird. | E-Mail oder Passwort ungültig. Noch {count} Versuche, bevor dieses Konto {minutes} Minuten gesperrt wird.;Email o password non validi. Resta {count} tentativo prima che l'account venga bloccato per {minutes} minuti. | Email o password non validi. Restano {count} tentativi prima che l'account venga bloccato per {minutes} minuti.;Correo o contraseña incorrectos. Queda {count} intento antes de que la cuenta se bloquee durante {minutes} minutos. | Correo o contraseña incorrectos. Quedan {count} intentos antes de que la cuenta se bloquee durante {minutes} minutos.
922;Signed out of {count} other session. | Signed out of {count} other sessions.;Settings › confirmation after 'Sign out everywhere else';auth.py:646;;Signed out of {count} other session. | Signed out of {count} other sessions.;Afgemeld bij {count} andere sessie. | Afgemeld bij {count} andere sessies.;Déconnecté de {count} autre session. | Déconnecté de {count} autres sessions.;Von {count} anderen Sitzung abgemeldet. | Von {count} anderen Sitzungen abgemeldet.;Disconnesso da {count} altra sessione. | Disconnesso da {count} altre sessioni.;Se ha cerrado {count} otra sesión. | Se han cerrado {count} otras sesiones.
923;{count} yr | {count} yrs;Analysis › Increase streak value: number of consecutive years of dividend increases;uvalu/pages_/analysis.py:435;;{count} yr | {count} yrs;{count} jaar;{count} an | {count} ans;{count} J.;{count} anno | {count} anni;{count} año | {count} años
924;Language & region;Planned (spec, not in code yet) › Settings page title;;;Language & region;Taal en regio;Langue et région;Sprache und Region;Lingua e regione;Idioma y región
925;Language;Planned (spec, not in code yet) › Settings label;;;Language;Taal;Langue;Sprache;Lingua;Idioma
926;Region format;Planned (spec, not in code yet) › Settings label. Controls number, currency and date formatting.;;;Region format;Regionale notatie;Format régional;Regionales Format;Formato regionale;Formato regional
927;Same as language;Planned (spec, not in code yet) › Region format option;;;Same as language;Zelfde als taal;Identique à la langue;Wie Sprache;Come la lingua;Igual que el idioma
928;Applies to portfolio totals. Individual prices stay in the currency they trade in.;Planned (spec, not in code yet) › Help text under Display currency;;;Applies to portfolio totals. Individual prices stay in the currency they trade in.;Geldt voor portefeuilletotalen. Afzonderlijke koersen blijven in hun handelsvaluta.;S'applique aux totaux du portefeuille. Les cours individuels restent dans leur devise de cotation.;Gilt für Portfoliosummen. Einzelne Kurse bleiben in ihrer Handelswährung.;Si applica ai totali del portafoglio. I singoli prezzi restano nella valuta di negoziazione.;Se aplica a los totales de la cartera. Los precios individuales se mantienen en su moneda de cotización.
929;Date format;Planned (spec, not in code yet) › Settings label;;;Date format;Datumnotatie;Format de date;Datumsformat;Formato data;Formato de fecha
930;Short;Planned (spec, not in code yet) › Date format option;;date_format;Short;Kort;Court;Kurz;Breve;Corto
931;Medium;Planned (spec, not in code yet) › Date format option;;date_format;Medium;Middel;Moyen;Mittel;Medio;Medio
932;Time zone;Planned (spec, not in code yet) › Settings label;;;Time zone;Tijdzone;Fuseau horaire;Zeitzone;Fuso orario;Zona horaria
933;First day of week;Planned (spec, not in code yet) › Settings label. Day names themselves come from Babel, not from this file.;;;First day of week;Eerste dag van de week;Premier jour de la semaine;Erster Wochentag;Primo giorno della settimana;Primer día de la semana
934;Preview;Planned (spec, not in code yet) › Heading of the live preview panel;;;Preview;Voorbeeld;Aperçu;Vorschau;Anteprima;Vista previa
935;Reset to defaults;Planned (spec, not in code yet) › Button;;;Reset to defaults;Standaardinstellingen herstellen;Rétablir les paramètres par défaut;Auf Standard zurücksetzen;Ripristina predefiniti;Restablecer valores predeterminados
936;Reset all language and region settings to their defaults?;Planned (spec, not in code yet) › Confirmation dialog;;;Reset all language and region settings to their defaults?;Alle taal- en regio-instellingen terugzetten naar de standaardwaarden?;Rétablir tous les paramètres de langue et de région par défaut ?;Alle Sprach- und Regionseinstellungen auf Standard zurücksetzen?;Ripristinare tutte le impostazioni di lingua e regione ai valori predefiniti?;¿Restablecer todos los ajustes de idioma y región a sus valores predeterminados?
937;Settings saved;Planned (spec, not in code yet) › Toast;;;Settings saved;Instellingen opgeslagen;Paramètres enregistrés;Einstellungen gespeichert;Impostazioni salvate;Ajustes guardados
938;{language} is no longer available. Current language: {fallback}.;Planned (spec, not in code yet) › One-time notice (C-01). Both placeholders are language names in the active language.;;;{language} is no longer available. Current language: {fallback}.;{language} is niet meer beschikbaar. Huidige taal: {fallback}.;{language} n'est plus disponible. Langue actuelle : {fallback}.;{language} ist nicht mehr verfügbar. Aktuelle Sprache: {fallback}.;{language} non è più disponibile. Lingua attuale: {fallback}.;{language} ya no está disponible. Idioma actual: {fallback}.
939;Last updated: {datetime};Planned (spec, not in code yet) › {datetime} is already formatted for the region.;;;Last updated: {datetime};Laatst bijgewerkt: {datetime};Dernière mise à jour : {datetime};Zuletzt aktualisiert: {datetime};Ultimo aggiornamento: {datetime};Última actualización: {datetime}
940;Converted at {rate} on {date};Planned (spec, not in code yet) › Tooltip on converted amounts (F-04);;;Converted at {rate} on {date};Omgerekend tegen {rate} op {date};Converti au taux de {rate} le {date};Umgerechnet zum Kurs {rate} am {date};Convertito al cambio {rate} del {date};Convertido a {rate} el {date}
941;Spreadsheet format (for Excel);Planned (spec, not in code yet) › CSV export option (F-11);;;Spreadsheet format (for Excel);Spreadsheetformaat (voor Excel);Format tableur (pour Excel);Tabellenformat (für Excel);Formato foglio di calcolo (per Excel);Formato de hoja de cálculo (para Excel)
942;Machine format (for scripts);Planned (spec, not in code yet) › CSV export option (F-11);;;Machine format (for scripts);Machineformaat (voor scripts);Format machine (pour scripts);Maschinenformat (für Skripte);Formato macchina (per script);Formato de máquina (para scripts)
943;Couldn't read this number. Use the format {example}.;Planned (spec, not in code yet) › Validation error (F-10). {example} is a formatted sample number.;;;Couldn't read this number. Use the format {example}.;Dit getal kon niet worden gelezen. Gebruik het formaat {example}.;Impossible de lire ce nombre. Utilise le format {example}.;Diese Zahl konnte nicht gelesen werden. Verwende das Format {example}.;Impossibile leggere questo numero. Usa il formato {example}.;No se ha podido leer este número. Usa el formato {example}.
944;Uvalu provides information, not investment advice. Valuations are estimates and can be wrong. Always do your own research.;Planned (spec, not in code yet) › Disclaimer. LEGAL: review line by line against English.;;;Uvalu provides information, not investment advice. Valuations are estimates and can be wrong. Always do your own research.;Uvalu geeft informatie, geen beleggingsadvies. Waarderingen zijn schattingen en kunnen fout zijn. Doe altijd je eigen onderzoek.;Uvalu fournit des informations, pas des conseils en investissement. Les valorisations sont des estimations et peuvent être erronées. Fais toujours tes propres recherches.;Uvalu bietet Informationen, keine Anlageberatung. Bewertungen sind Schätzungen und können falsch sein. Recherchiere immer selbst.;Uvalu fornisce informazioni, non consulenza sugli investimenti. Le valutazioni sono stime e possono essere errate. Fai sempre le tue ricerche.;Uvalu ofrece información, no asesoramiento de inversión. Las valoraciones son estimaciones y pueden ser erróneas. Investiga siempre por tu cuenta.
945;Past performance is no guarantee of future results.;Planned (spec, not in code yet) › Disclaimer. Uses the standard local wording where one exists.;;;Past performance is no guarantee of future results.;Resultaten uit het verleden bieden geen garantie voor de toekomst.;Les performances passées ne préjugent pas des performances futures.;Die Wertentwicklung der Vergangenheit ist kein verlässlicher Indikator für künftige Ergebnisse.;I rendimenti passati non sono indicativi di quelli futuri.;Las rentabilidades pasadas no garantizan rentabilidades futuras.
946;Privacy policy;Planned (spec, not in code yet) › Link text;;;Privacy policy;Privacybeleid;Politique de confidentialité;Datenschutzerklärung;Informativa sulla privacy;Política de privacidad
947;Terms of use;Planned (spec, not in code yet) › Link text;;;Terms of use;Gebruiksvoorwaarden;Conditions d'utilisation;Nutzungsbedingungen;Condizioni d'uso;Condiciones de uso
948;By creating an account, you agree to the {terms} and the {privacy}.;Planned (spec, not in code yet) › Sign-up. {terms} and {privacy} are the translated link texts above.;;;By creating an account, you agree to the {terms} and the {privacy}.;Door een account aan te maken, ga je akkoord met de {terms} en het {privacy}.;En créant un compte, tu acceptes les {terms} et la {privacy}.;Mit der Erstellung eines Kontos akzeptierst du die {terms} und die {privacy}.;Creando un account, accetti le {terms} e l'{privacy}.;Al crear una cuenta, aceptas las {terms} y la {privacy}.
949;Welcome to Uvalu;Planned (spec, not in code yet) › Tour title. Gender-neutral wording where the language needs it.;;;Welcome to Uvalu;Welkom bij Uvalu;Bienvenue sur Uvalu;Willkommen bei Uvalu;Ti diamo il benvenuto in Uvalu;Te damos la bienvenida a Uvalu
950;Find undervalued stocks in the Screener.;Planned (spec, not in code yet) › Tour step 1;;;Find undervalued stocks in the Screener.;Vind ondergewaardeerde aandelen in de Screener.;Trouve des actions sous-évaluées dans le Screener.;Finde unterbewertete Aktien im Screener.;Trova titoli sottovalutati nello Screener.;Encuentra acciones infravaloradas en el Screener.
951;Track your holdings and their fair value in Portfolio.;Planned (spec, not in code yet) › Tour step 2. 'Portfolio' = the navigation item name.;;;Track your holdings and their fair value in Portfolio.;Volg je posities en hun intrinsieke waarde in Portefeuille.;Suis tes positions et leur juste valeur dans Portefeuille.;Verfolge deine Positionen und ihren fairen Wert im Portfolio.;Monitora le tue posizioni e il loro valore equo in Portafoglio.;Sigue tus posiciones y su valor razonable en Cartera.
952;Check concentration and downside in Risk.;Planned (spec, not in code yet) › Tour step 3. 'Risk' = the navigation item name.;;;Check concentration and downside in Risk.;Bekijk concentratie en neerwaarts risico in Risico.;Vérifie la concentration et le risque de baisse dans Risque.;Prüfe Konzentration und Verlustrisiko unter Risiko.;Controlla concentrazione e rischio di ribasso in Rischio.;Revisa la concentración y el riesgo a la baja en Riesgo.
953;Next;Planned (spec, not in code yet) › Tour button;;;Next;Volgende;Suivant;Weiter;Avanti;Siguiente
954;Skip tour;Planned (spec, not in code yet) › Tour button;;;Skip tour;Rondleiding overslaan;Passer la visite;Tour überspringen;Salta il tour;Omitir el recorrido
955;Got it;Planned (spec, not in code yet) › Tour button;;;Got it;Begrepen;Compris;Verstanden;Ho capito;Entendido
